block,arm,version,step,sampling,users,round,best,completed,failed,short,output_tok_s,req_s,ttft_p50_ms,ttft_p99_ms,itl_p50_ms,itl_p99_ms,tpot_mean_ms,e2e_p99_ms
mon1,on-a,0.1.0+g2039faaed7a6,g,greedy,16,0,0,16,0,0,537.3,4.197,825.42,1200.53,20.42,27.00,23.06,3803.34
mon1,on-a,0.1.0+g2039faaed7a6,g,greedy,16,1,1,16,0,0,557.6,4.356,710.71,1087.85,20.19,30.13,22.83,3666.69
mon1,on-a,0.1.0+g2039faaed7a6,g,greedy,32,0,0,32,0,0,652.8,5.100,1285.58,2133.44,32.52,394.51,38.75,6260.05
mon1,on-a,0.1.0+g2039faaed7a6,g,greedy,32,1,1,32,0,0,667.3,5.214,1159.20,2008.44,32.62,395.37,38.38,6122.41
mon1,on-a,0.1.0+g2039faaed7a6,g,greedy,64,0,0,64,0,0,721.9,5.640,2202.60,4066.43,58.19,485.48,70.67,11312.86
mon1,on-a,0.1.0+g2039faaed7a6,g,greedy,64,1,1,64,0,0,729.1,5.696,2084.89,3945.77,58.26,484.29,70.37,11203.48
mon1,on-a,0.1.0+g2039faaed7a6,s,defaults,16,0,1,16,0,0,557.5,4.355,712.48,1089.90,20.28,21.45,22.81,3664.61
mon1,on-a,0.1.0+g2039faaed7a6,s,defaults,16,1,0,16,0,0,554.9,4.335,789.18,1115.37,20.20,21.32,22.81,3683.27
mon1,on-a,0.1.0+g2039faaed7a6,s,defaults,32,0,1,32,0,0,664.8,5.194,1162.02,2011.62,32.71,396.65,38.54,6144.49
mon1,on-a,0.1.0+g2039faaed7a6,s,defaults,32,1,0,32,0,0,660.1,5.157,1208.94,2006.34,33.13,344.55,38.97,6189.46
mon1,on-a,0.1.0+g2039faaed7a6,s,defaults,64,0,0,64,0,0,728.6,5.692,2078.73,3942.62,58.30,484.33,70.44,11208.38
mon1,on-a,0.1.0+g2039faaed7a6,s,defaults,64,1,1,64,0,0,728.9,5.694,2087.95,3955.82,58.27,484.43,70.37,11210.10
mon1,off-a,0.1.0+g2dbc38fe3e87,g,greedy,16,0,1,16,0,0,544.3,4.252,712.08,1090.57,20.98,22.72,23.52,3754.39
mon1,off-a,0.1.0+g2dbc38fe3e87,g,greedy,16,1,0,16,0,0,543.6,4.247,713.49,1093.80,20.99,23.02,23.55,3761.24
mon1,off-a,0.1.0+g2dbc38fe3e87,g,greedy,32,0,0,32,0,0,642.0,5.016,1162.89,2014.68,34.55,396.89,40.27,6365.24
mon1,off-a,0.1.0+g2dbc38fe3e87,g,greedy,32,1,1,32,0,0,642.3,5.018,1163.64,2015.32,34.52,397.04,40.24,6362.35
mon1,off-a,0.1.0+g2dbc38fe3e87,g,greedy,64,0,1,64,0,0,703.0,5.492,2155.36,3973.76,61.35,487.07,73.52,11617.88
mon1,off-a,0.1.0+g2dbc38fe3e87,g,greedy,64,1,0,64,0,0,702.7,5.490,2087.93,3961.68,61.68,487.21,73.64,11625.87
mon1,off-a,0.1.0+g2dbc38fe3e87,s,defaults,16,0,0,16,0,0,526.2,4.111,834.25,1210.72,20.95,28.50,23.63,3882.56
mon1,off-a,0.1.0+g2dbc38fe3e87,s,defaults,16,1,1,16,0,0,536.5,4.191,714.76,1094.21,21.22,30.59,23.94,3812.39
mon1,off-a,0.1.0+g2dbc38fe3e87,s,defaults,32,0,0,32,0,0,624.1,4.876,1288.37,2140.63,34.87,396.71,40.99,6546.52
mon1,off-a,0.1.0+g2dbc38fe3e87,s,defaults,32,1,1,32,0,0,640.9,5.007,1165.71,2017.23,34.53,396.33,40.34,6375.62
mon1,off-a,0.1.0+g2dbc38fe3e87,s,defaults,64,0,0,64,0,0,695.3,5.432,2201.12,4079.74,61.77,489.86,74.06,11745.81
mon1,off-a,0.1.0+g2dbc38fe3e87,s,defaults,64,1,1,64,0,0,702.2,5.486,2086.98,3959.17,61.78,486.71,73.73,11634.70
mon1,off-b,0.1.0+g2dbc38fe3e87,g,greedy,16,0,0,16,0,0,524.2,4.096,829.10,1207.30,21.14,28.74,23.78,3898.73
mon1,off-b,0.1.0+g2dbc38fe3e87,g,greedy,16,1,1,16,0,0,540.5,4.223,713.68,1093.31,21.12,30.88,23.72,3782.49
mon1,off-b,0.1.0+g2dbc38fe3e87,g,greedy,32,0,0,32,0,0,628.1,4.907,1287.77,2140.56,34.48,396.67,40.67,6506.74
mon1,off-b,0.1.0+g2dbc38fe3e87,g,greedy,32,1,1,32,0,0,643.5,5.027,1162.24,2014.29,34.40,396.70,40.16,6351.79
mon1,off-b,0.1.0+g2dbc38fe3e87,g,greedy,64,0,0,64,0,0,693.7,5.420,2210.18,4085.60,61.89,489.19,74.23,11775.95
mon1,off-b,0.1.0+g2dbc38fe3e87,g,greedy,64,1,1,64,0,0,696.9,5.445,2086.31,3960.42,62.43,486.81,74.42,11722.79
mon1,off-b,0.1.0+g2dbc38fe3e87,s,defaults,16,0,1,16,0,0,541.9,4.233,712.14,1092.78,21.12,22.16,23.66,3771.69
mon1,off-b,0.1.0+g2dbc38fe3e87,s,defaults,16,1,0,16,0,0,541.7,4.232,713.69,1092.83,21.14,22.15,23.66,3774.53
mon1,off-b,0.1.0+g2dbc38fe3e87,s,defaults,32,0,0,32,0,0,641.5,5.012,1162.48,2013.50,34.54,396.57,40.31,6369.11
mon1,off-b,0.1.0+g2dbc38fe3e87,s,defaults,32,1,1,32,0,0,642.3,5.018,1163.13,2014.15,34.48,396.74,40.25,6362.24
mon1,off-b,0.1.0+g2dbc38fe3e87,s,defaults,64,0,0,64,0,0,702.0,5.485,2084.27,3958.16,61.80,486.73,73.75,11636.19
mon1,off-b,0.1.0+g2dbc38fe3e87,s,defaults,64,1,1,64,0,0,702.2,5.486,2088.49,3961.59,61.75,486.86,73.72,11635.62
mon1,on-b,0.1.0+g2039faaed7a6,g,greedy,16,0,1,16,0,0,557.6,4.356,711.45,1090.67,20.25,21.18,22.81,3664.25
mon1,on-b,0.1.0+g2039faaed7a6,g,greedy,16,1,0,16,0,0,554.0,4.328,783.22,1111.54,20.30,21.84,22.89,3690.13
mon1,on-b,0.1.0+g2039faaed7a6,g,greedy,32,0,0,32,0,0,664.3,5.190,1161.86,2013.23,32.77,396.46,38.58,6150.14
mon1,on-b,0.1.0+g2039faaed7a6,g,greedy,32,1,1,32,0,0,664.7,5.193,1160.94,2010.29,32.79,397.08,38.56,6147.14
mon1,on-b,0.1.0+g2039faaed7a6,g,greedy,64,0,0,64,0,0,728.7,5.693,2082.01,3946.88,58.30,484.52,70.41,11206.84
mon1,on-b,0.1.0+g2039faaed7a6,g,greedy,64,1,1,64,0,0,728.7,5.693,2084.04,3946.41,58.32,484.52,70.42,11208.55
mon1,on-b,0.1.0+g2039faaed7a6,s,defaults,16,0,0,16,0,0,539.6,4.215,833.21,1210.39,20.23,26.80,22.88,3787.04
mon1,on-b,0.1.0+g2039faaed7a6,s,defaults,16,1,1,16,0,0,556.3,4.346,713.65,1091.80,20.25,30.18,22.88,3674.72
mon1,on-b,0.1.0+g2039faaed7a6,s,defaults,32,0,0,32,0,0,649.5,5.074,1288.66,2138.14,32.80,396.18,38.98,6290.74
mon1,on-b,0.1.0+g2039faaed7a6,s,defaults,32,1,1,32,0,0,665.2,5.197,1161.20,2011.08,32.74,396.70,38.52,6141.67
mon1,on-b,0.1.0+g2039faaed7a6,s,defaults,64,0,0,64,0,0,720.9,5.632,2203.07,4069.24,58.28,486.07,70.79,11328.20
mon1,on-b,0.1.0+g2039faaed7a6,s,defaults,64,1,1,64,0,0,728.9,5.694,2083.86,3948.89,58.32,484.24,70.41,11210.60
mon2,on-a,0.1.0+g2039faaed7a6,g,greedy,16,0,0,16,0,0,541.0,4.227,831.35,1207.40,20.17,27.44,22.82,3777.11
mon2,on-a,0.1.0+g2039faaed7a6,g,greedy,16,1,1,16,0,0,555.7,4.342,713.16,1090.72,20.29,30.24,22.91,3678.20
mon2,on-a,0.1.0+g2039faaed7a6,g,greedy,32,0,0,32,0,0,650.7,5.084,1288.83,2137.98,32.67,395.72,38.89,6280.18
mon2,on-a,0.1.0+g2039faaed7a6,g,greedy,32,1,1,32,0,0,660.6,5.161,1233.40,2036.63,32.88,344.44,38.74,6186.24
mon2,on-a,0.1.0+g2039faaed7a6,g,greedy,64,0,0,64,0,0,722.6,5.645,2203.34,4069.06,58.07,486.29,70.58,11302.40
mon2,on-a,0.1.0+g2039faaed7a6,g,greedy,64,1,1,64,0,0,726.6,5.676,2090.63,4000.25,58.17,496.54,70.56,11242.70
mon2,on-a,0.1.0+g2039faaed7a6,s,defaults,16,0,0,16,0,0,554.4,4.331,738.47,1125.13,20.15,21.28,22.79,3686.89
mon2,on-a,0.1.0+g2039faaed7a6,s,defaults,16,1,1,16,0,0,556.2,4.346,712.36,1099.93,20.27,21.10,22.86,3673.66
mon2,on-a,0.1.0+g2039faaed7a6,s,defaults,32,0,1,32,0,0,659.0,5.149,1185.08,2061.73,32.78,409.63,38.79,6199.83
mon2,on-a,0.1.0+g2039faaed7a6,s,defaults,32,1,0,32,0,0,658.5,5.145,1190.05,2070.88,32.79,410.58,38.78,6205.68
mon2,on-a,0.1.0+g2039faaed7a6,s,defaults,64,0,0,64,0,0,724.1,5.657,2129.96,4034.91,58.16,494.93,70.61,11278.04
mon2,on-a,0.1.0+g2039faaed7a6,s,defaults,64,1,1,64,0,0,725.6,5.669,2117.05,4012.32,58.19,487.52,70.54,11258.80
mon2,off-a,0.1.0+g2dbc38fe3e87,g,greedy,16,0,1,16,0,0,541.0,4.227,712.50,1093.98,21.15,22.19,23.69,3776.85
mon2,off-a,0.1.0+g2dbc38fe3e87,g,greedy,16,1,0,16,0,0,537.4,4.199,726.69,1115.27,21.17,22.25,23.78,3803.56
mon2,off-a,0.1.0+g2dbc38fe3e87,g,greedy,32,0,0,32,0,0,636.5,4.973,1197.86,2074.48,34.49,416.74,40.44,6419.90
mon2,off-a,0.1.0+g2dbc38fe3e87,g,greedy,32,1,1,32,0,0,636.6,4.973,1195.04,2078.19,34.45,413.75,40.44,6421.18
mon2,off-a,0.1.0+g2dbc38fe3e87,g,greedy,64,0,1,64,0,0,697.1,5.446,2123.62,4037.12,61.80,500.96,74.11,11717.62
mon2,off-a,0.1.0+g2dbc38fe3e87,g,greedy,64,1,0,64,0,0,696.6,5.442,2125.35,4041.85,61.84,496.71,74.14,11728.68
mon2,off-a,0.1.0+g2dbc38fe3e87,s,defaults,16,0,0,16,0,0,524.0,4.094,833.59,1213.79,21.11,29.02,23.76,3900.64
mon2,off-a,0.1.0+g2dbc38fe3e87,s,defaults,16,1,1,16,0,0,536.1,4.188,720.34,1116.07,21.17,30.92,23.88,3812.86
mon2,off-a,0.1.0+g2dbc38fe3e87,s,defaults,32,0,0,32,0,0,625.5,4.887,1304.70,2175.27,34.43,411.18,40.73,6532.70
mon2,off-a,0.1.0+g2dbc38fe3e87,s,defaults,32,1,1,32,0,0,642.6,5.020,1175.56,2027.35,34.38,396.07,40.14,6359.71
mon2,off-a,0.1.0+g2dbc38fe3e87,s,defaults,64,0,0,64,0,0,690.2,5.392,2236.47,4158.35,61.77,504.45,74.44,11834.13
mon2,off-a,0.1.0+g2dbc38fe3e87,s,defaults,64,1,1,64,0,0,696.7,5.443,2255.06,4020.26,61.80,501.32,74.10,11730.30
mon2,off-b,0.1.0+g2dbc38fe3e87,g,greedy,16,0,0,16,0,0,525.3,4.104,832.23,1213.58,21.01,27.30,23.69,3890.41
mon2,off-b,0.1.0+g2dbc38fe3e87,g,greedy,16,1,1,16,0,0,538.6,4.208,718.70,1117.17,21.01,30.93,23.75,3795.87
mon2,off-b,0.1.0+g2dbc38fe3e87,g,greedy,32,0,0,32,0,0,624.6,4.880,1323.97,2198.29,34.30,402.36,40.67,6542.48
mon2,off-b,0.1.0+g2dbc38fe3e87,g,greedy,32,1,1,32,0,0,638.7,4.990,1190.19,2076.15,34.27,417.00,40.26,6397.56
mon2,off-b,0.1.0+g2dbc38fe3e87,g,greedy,64,0,0,64,0,0,680.6,5.317,2305.52,4157.40,63.01,499.61,75.72,12000.70
mon2,off-b,0.1.0+g2dbc38fe3e87,g,greedy,64,1,1,64,0,0,694.7,5.428,2134.41,4054.48,61.97,496.32,74.34,11761.22
mon2,off-b,0.1.0+g2dbc38fe3e87,s,defaults,16,0,0,16,0,0,536.2,4.189,737.97,1129.51,21.13,22.17,23.76,3811.29
mon2,off-b,0.1.0+g2dbc38fe3e87,s,defaults,16,1,1,16,0,0,537.9,4.203,728.69,1114.60,21.15,22.17,23.74,3800.45
mon2,off-b,0.1.0+g2dbc38fe3e87,s,defaults,32,0,0,32,0,0,638.5,4.988,1183.40,2057.97,34.46,411.02,40.36,6399.95
mon2,off-b,0.1.0+g2dbc38fe3e87,s,defaults,32,1,1,32,0,0,639.2,4.993,1184.73,2052.62,34.43,407.84,40.32,6393.32
mon2,off-b,0.1.0+g2dbc38fe3e87,s,defaults,64,0,0,64,0,0,697.7,5.451,2125.48,4042.88,61.66,497.77,73.98,11705.52
mon2,off-b,0.1.0+g2dbc38fe3e87,s,defaults,64,1,1,64,0,0,698.4,5.457,2122.51,4030.24,61.72,493.30,73.92,11696.66
mon2,on-b,0.1.0+g2039faaed7a6,g,greedy,16,0,1,16,0,0,554.1,4.329,726.38,1113.03,20.26,21.16,22.86,3687.89
mon2,on-b,0.1.0+g2039faaed7a6,g,greedy,16,1,0,16,0,0,552.6,4.317,736.17,1120.35,20.31,21.54,22.90,3699.47
mon2,on-b,0.1.0+g2039faaed7a6,g,greedy,32,0,1,32,0,0,660.6,5.161,1233.30,2040.76,32.85,346.79,38.76,6185.85
mon2,on-b,0.1.0+g2039faaed7a6,g,greedy,32,1,0,32,0,0,658.9,5.148,1187.90,2058.18,32.85,403.97,38.79,6201.91
mon2,on-b,0.1.0+g2039faaed7a6,g,greedy,64,0,1,64,0,0,725.0,5.664,2102.24,4019.38,58.17,496.51,70.62,11263.11
mon2,on-b,0.1.0+g2039faaed7a6,g,greedy,64,1,0,64,0,0,724.3,5.659,2124.59,4033.32,58.17,493.12,70.61,11278.64
mon2,on-b,0.1.0+g2039faaed7a6,s,defaults,16,0,0,16,0,0,539.1,4.212,833.19,1217.01,20.19,26.45,22.88,3790.04
mon2,on-b,0.1.0+g2039faaed7a6,s,defaults,16,1,1,16,0,0,555.9,4.343,711.94,1097.46,20.22,30.07,22.88,3678.04
mon2,on-b,0.1.0+g2039faaed7a6,s,defaults,32,0,0,32,0,0,642.3,5.018,1389.15,2200.56,32.84,354.93,39.25,6361.86
mon2,on-b,0.1.0+g2039faaed7a6,s,defaults,32,1,1,32,0,0,660.5,5.160,1191.69,2044.87,32.84,400.74,38.65,6186.22
mon2,on-b,0.1.0+g2039faaed7a6,s,defaults,64,0,0,64,0,0,718.1,5.610,2219.80,4125.58,58.19,495.50,70.92,11371.86
mon2,on-b,0.1.0+g2039faaed7a6,s,defaults,64,1,1,64,0,0,726.6,5.677,2111.65,3995.96,58.18,491.02,70.46,11240.28
mon3,on-a,0.1.0+g2039faaed7a6,g,greedy,16,0,0,16,0,0,539.0,4.211,834.85,1214.06,20.15,26.56,22.90,3792.61
mon3,on-a,0.1.0+g2039faaed7a6,g,greedy,16,1,1,16,0,0,555.3,4.338,719.72,1097.22,20.27,30.14,22.89,3681.05
mon3,on-a,0.1.0+g2039faaed7a6,g,greedy,32,0,0,32,0,0,649.1,5.071,1292.44,2154.79,32.69,394.78,38.94,6296.17
mon3,on-a,0.1.0+g2039faaed7a6,g,greedy,32,1,1,32,0,0,659.9,5.156,1187.13,2062.46,32.73,406.45,38.70,6191.74
mon3,on-a,0.1.0+g2039faaed7a6,g,greedy,64,0,0,64,0,0,716.4,5.597,2231.79,4150.20,58.22,498.05,71.06,11401.60
mon3,on-a,0.1.0+g2039faaed7a6,g,greedy,64,1,1,64,0,0,725.6,5.669,2120.25,3999.70,58.27,485.81,70.54,11257.65
mon3,on-a,0.1.0+g2039faaed7a6,s,defaults,16,0,1,16,0,0,555.2,4.338,724.03,1109.08,20.23,21.24,22.84,3681.70
mon3,on-a,0.1.0+g2039faaed7a6,s,defaults,16,1,0,16,0,0,551.7,4.310,797.22,1126.80,20.29,21.39,22.94,3705.21
mon3,on-a,0.1.0+g2039faaed7a6,s,defaults,32,0,0,32,0,0,658.0,5.141,1186.55,2072.61,32.79,411.07,38.80,6209.22
mon3,on-a,0.1.0+g2039faaed7a6,s,defaults,32,1,1,32,0,0,662.3,5.174,1178.97,2030.39,32.80,400.93,38.62,6169.69
mon3,on-a,0.1.0+g2039faaed7a6,s,defaults,64,0,0,64,0,0,722.3,5.643,2140.40,4043.86,58.34,496.32,70.76,11308.08
mon3,on-a,0.1.0+g2039faaed7a6,s,defaults,64,1,1,64,0,0,723.9,5.655,2117.44,4020.48,58.32,494.64,70.72,11286.16
mon3,off-a,0.1.0+g2dbc38fe3e87,g,greedy,16,0,1,16,0,0,539.7,4.217,716.55,1100.83,21.16,22.15,23.72,3785.64
mon3,off-a,0.1.0+g2dbc38fe3e87,g,greedy,16,1,0,16,0,0,535.7,4.185,722.79,1126.16,21.20,22.32,23.88,3815.82
mon3,off-a,0.1.0+g2dbc38fe3e87,g,greedy,32,0,0,32,0,0,638.1,4.985,1190.02,2084.37,34.27,416.42,40.31,6404.92
mon3,off-a,0.1.0+g2dbc38fe3e87,g,greedy,32,1,1,32,0,0,640.1,5.001,1184.31,2064.20,34.27,404.45,40.22,6384.50
mon3,off-a,0.1.0+g2dbc38fe3e87,g,greedy,64,0,1,64,0,0,700.0,5.469,2124.86,4041.38,61.32,499.46,73.66,11668.04
mon3,off-a,0.1.0+g2dbc38fe3e87,g,greedy,64,1,0,64,0,0,695.2,5.431,2122.20,4051.37,61.98,496.68,74.36,11754.12
mon3,off-a,0.1.0+g2dbc38fe3e87,s,defaults,16,0,0,16,0,0,520.4,4.066,839.76,1230.28,21.15,27.94,23.90,3927.49
mon3,off-a,0.1.0+g2dbc38fe3e87,s,defaults,16,1,1,16,0,0,537.3,4.198,722.30,1108.92,21.17,31.02,23.83,3805.04
mon3,off-a,0.1.0+g2dbc38fe3e87,s,defaults,32,0,0,32,0,0,626.6,4.895,1309.80,2170.81,34.36,407.71,40.64,6520.98
mon3,off-a,0.1.0+g2dbc38fe3e87,s,defaults,32,1,1,32,0,0,641.6,5.012,1191.76,2059.23,34.19,413.23,40.10,6369.96
mon3,off-a,0.1.0+g2dbc38fe3e87,s,defaults,64,0,0,64,0,0,693.1,5.415,2249.63,4169.20,61.25,500.14,73.96,11784.06
mon3,off-a,0.1.0+g2dbc38fe3e87,s,defaults,64,1,1,64,0,0,699.5,5.465,2131.13,4045.98,61.26,493.99,73.69,11678.92
mon3,off-b,0.1.0+g2dbc38fe3e87,g,greedy,16,0,0,16,0,0,522.1,4.079,834.81,1216.62,21.20,28.87,23.87,3914.81
mon3,off-b,0.1.0+g2dbc38fe3e87,g,greedy,16,1,1,16,0,0,535.3,4.182,736.70,1121.03,21.22,30.59,23.84,3820.29
mon3,off-b,0.1.0+g2dbc38fe3e87,g,greedy,32,0,0,32,0,0,624.2,4.877,1312.74,2180.24,34.51,402.18,40.81,6546.88
mon3,off-b,0.1.0+g2dbc38fe3e87,g,greedy,32,1,1,32,0,0,636.1,4.969,1195.04,2076.47,34.49,415.24,40.48,6424.30
mon3,off-b,0.1.0+g2dbc38fe3e87,g,greedy,64,0,0,64,0,0,689.5,5.386,2243.30,4158.98,61.86,500.21,74.50,11849.13
mon3,off-b,0.1.0+g2dbc38fe3e87,g,greedy,64,1,1,64,0,0,696.3,5.440,2119.26,4043.29,61.86,503.52,74.19,11734.54
mon3,off-b,0.1.0+g2dbc38fe3e87,s,defaults,16,0,0,16,0,0,537.0,4.195,723.36,1121.85,21.15,22.08,23.79,3806.22
mon3,off-b,0.1.0+g2dbc38fe3e87,s,defaults,16,1,1,16,0,0,538.5,4.207,734.50,1113.92,21.14,22.21,23.69,3795.96
mon3,off-b,0.1.0+g2dbc38fe3e87,s,defaults,32,0,0,32,0,0,639.3,4.994,1183.51,2054.22,34.42,410.14,40.33,6392.01
mon3,off-b,0.1.0+g2dbc38fe3e87,s,defaults,32,1,1,32,0,0,639.8,4.998,1186.91,2050.44,34.43,410.84,40.30,6387.60
mon3,off-b,0.1.0+g2dbc38fe3e87,s,defaults,64,0,0,64,0,0,696.8,5.444,2122.34,4047.13,61.78,499.06,74.11,11722.76
mon3,off-b,0.1.0+g2dbc38fe3e87,s,defaults,64,1,1,64,0,0,697.0,5.445,2128.80,4045.57,61.77,497.33,74.08,11723.15
mon3,on-b,0.1.0+g2039faaed7a6,g,greedy,16,0,0,16,0,0,551.0,4.305,785.33,1130.81,20.30,21.50,23.00,3709.27
mon3,on-b,0.1.0+g2039faaed7a6,g,greedy,16,1,1,16,0,0,551.2,4.306,732.02,1129.17,20.30,22.80,22.98,3709.03
mon3,on-b,0.1.0+g2039faaed7a6,g,greedy,32,0,1,32,0,0,662.0,5.172,1178.95,2037.19,32.78,396.31,38.61,6172.54
mon3,on-b,0.1.0+g2039faaed7a6,g,greedy,32,1,0,32,0,0,658.2,5.142,1186.72,2061.46,32.85,402.39,38.80,6207.95
mon3,on-b,0.1.0+g2039faaed7a6,g,greedy,64,0,0,64,0,0,723.3,5.651,2116.65,4023.61,58.35,498.94,70.76,11290.10
mon3,on-b,0.1.0+g2039faaed7a6,g,greedy,64,1,1,64,0,0,723.5,5.653,2115.02,4022.04,58.34,492.71,70.75,11288.98
mon3,on-b,0.1.0+g2039faaed7a6,s,defaults,16,0,0,16,0,0,537.1,4.196,835.86,1225.89,20.24,26.97,22.96,3804.81
mon3,on-b,0.1.0+g2039faaed7a6,s,defaults,16,1,1,16,0,0,550.9,4.304,728.95,1126.96,20.24,30.94,23.00,3709.99
mon3,on-b,0.1.0+g2039faaed7a6,s,defaults,32,0,0,32,0,0,645.8,5.045,1305.41,2173.05,32.76,403.26,39.09,6327.90
mon3,on-b,0.1.0+g2039faaed7a6,s,defaults,32,1,1,32,0,0,661.8,5.170,1183.97,2038.14,32.78,402.11,38.62,6173.22
mon3,on-b,0.1.0+g2039faaed7a6,s,defaults,64,0,0,64,0,0,716.5,5.598,2250.07,4141.35,58.29,490.52,71.00,11398.71
mon3,on-b,0.1.0+g2039faaed7a6,s,defaults,64,1,1,64,0,0,724.4,5.660,2110.74,4013.86,58.32,489.59,70.70,11276.52
