block,arm,sha,step,status,start_utc,end_utc,samples,flagged,flagged_share,step_flagged,kinds,arm_cpu_mean_pct,bg_cpu_mean_pct,bg_cpu_max_pct,may_share_cores_mean_max_pct,cpuset_unknown_mean_max_pct,xdev_gpu3_ctr_mean_max_pct,sys_busy_mean,sys_busy_max,disk_max_mb_s,measured_use_mean,measured_vram_median,other_cards_use_max,bg_by_container
mon1,on-a,2039faae,g,0,19:53:41,19:54:26,14,12,0.857,1,F1:12 F3:1,31,270,420,20/47,250/400,0.0/0.0,0.303,0.365,673.9,card4:91 card6:98,card4:20 card6:20,0,llmx-p2-fix5-cpu 250; host 19
mon1,on-a,2039faae,s,0,19:54:26,19:55:10,14,12,0.857,1,F1:12,28,441,808,19/37,422/792,0.0/0.0,0.374,0.581,12.5,card4:91 card6:93,card4:20 card6:20,0,llmx-p2-fix5-cpu 271; llmx-p2-fix3-ident2 151; host 16
mon1,off-a,2dbc38fe,s,0,19:55:14,19:56:00,15,7,0.467,1,F1:7,36,239,548,26/131,214/441,0.0/0.0,0.258,0.391,3.5,card4:78 card6:77,card4:20 card6:20,0,llmx-p2-fix3-ident2 132; llmx-p2-fix5-cpu 81; host 19; docker.servi 6
mon1,off-a,2dbc38fe,g,0,19:56:00,19:56:46,14,0,0.000,0,,26,86,117,15/20,71/100,0.0/0.0,0.096,0.105,8.0,card4:90 card6:91,card4:20 card6:20,0,llmx-p2-fix5-tsan 64; host 14; llmx-p2-fix5-cpu 7
mon1,off-b,2dbc38fe,g,0,19:56:50,19:57:36,14,12,0.857,1,F1:12,28,202,225,15/24,102/102,0.0/0.0,0.163,0.196,2.3,card4:73 card6:93,card4:20 card6:20,5,llmx-p2-fix5-tsan 102; llmx-p2-fix3-plan 86; host 14
mon1,off-b,2dbc38fe,s,0,19:57:36,19:58:22,15,0,0.000,0,,26,121,193,15/26,101/102,0.0/0.0,0.101,0.159,2.8,card4:92 card6:69,card4:20 card6:20,0,llmx-p2-fix5-tsan 101; host 14
mon1,on-b,2039faae,s,0,19:58:26,19:59:11,14,0,0.000,0,,34,115,124,15/24,100/101,0.0/0.0,0.104,0.161,2.1,card4:92 card6:86,card4:20 card6:20,0,llmx-p2-fix5-tsan 100; host 14
mon1,on-b,2039faae,g,0,19:59:11,19:59:55,14,0,0.000,0,,29,115,124,15/24,100/100,0.0/0.0,0.099,0.120,1.1,card4:81 card6:88,card4:20 card6:20,0,llmx-p2-fix5-tsan 100; host 14
mon2,on-a,2039faae,g,0,20:00:36,20:01:21,15,0,0.000,0,,38,95,130,15/30,80/100,0.0/0.0,0.103,0.260,61.5,card4:85 card6:79,card4:20 card6:20,0,llmx-p2-fix5-tsan 80; host 15
mon2,on-a,2039faae,s,0,20:01:21,20:02:05,13,0,0.000,0,,28,14,22,14/22,0/0,0.0/0.0,0.036,0.050,1.4,card4:97 card6:99,card4:20 card6:20,0,host 13
mon2,off-a,2dbc38fe,s,0,20:02:09,20:02:56,15,0,0.000,0,,31,13,18,13/18,0/0,0.0/0.0,0.035,0.070,1.3,card4:72 card6:91,card4:20 card6:20,0,host 13
mon2,off-a,2dbc38fe,g,0,20:02:56,20:03:42,14,0,0.000,0,,26,14,23,14/23,0/0,0.0/0.0,0.034,0.057,1.1,card4:82 card6:92,card4:20 card6:20,0,host 13
mon2,off-b,2dbc38fe,g,0,20:03:46,20:04:33,15,1,0.067,0,F5:1,36,21,101,15/22,0/0,0.0/0.0,0.048,0.121,2.2,card4:82 card6:79,card4:20 card6:20,23,host 15; llmx-p2-fix3-plan 6
mon2,off-b,2dbc38fe,s,0,20:04:33,20:05:19,15,0,0.000,0,,26,13,19,13/19,0/0,0.0/0.0,0.033,0.074,1.2,card4:82 card6:93,card4:20 card6:20,0,host 13
mon2,on-b,2039faae,s,0,20:05:22,20:06:08,14,0,0.000,0,,33,23,122,23/122,0/0,0.0/0.0,0.045,0.132,1.7,card4:93 card6:94,card4:20 card6:20,0,host 17
mon2,on-b,2039faae,g,0,20:06:08,20:06:52,14,0,0.000,0,,28,14,21,14/21,0/0,0.0/0.0,0.034,0.049,1.0,card4:82 card6:99,card4:20 card6:20,0,host 13
mon3,on-a,2039faae,g,0,20:07:28,20:08:13,14,3,0.214,1,F5:3,38,37,156,21/55,0/0,0.0/0.0,0.063,0.174,1.5,card4:87 card6:71,card4:20 card6:20,100,host 21; llmx-p2-x-mxfp4-gpu2-20260928 15
mon3,on-a,2039faae,s,0,20:08:13,20:08:58,15,0,0.000,0,,30,14,22,14/22,0/0,0.0/0.0,0.034,0.046,1.0,card4:86 card6:93,card4:20 card6:20,0,host 14
mon3,off-a,2dbc38fe,s,0,20:09:02,20:09:48,14,0,0.000,0,,30,16,26,16/26,0/0,0.0/0.0,0.039,0.069,1.4,card4:88 card6:93,card4:20 card6:20,0,host 15
mon3,off-a,2dbc38fe,g,0,20:09:48,20:10:34,15,0,0.000,0,,27,21,86,21/86,0/0,0.0/0.0,0.039,0.069,1.2,card4:83 card6:91,card4:20 card6:20,0,host 17
mon3,off-b,2dbc38fe,g,0,20:10:38,20:11:25,15,0,0.000,0,,35,16,28,16/28,0/0,0.0/0.0,0.040,0.117,1.5,card4:77 card6:96,card4:20 card6:20,0,host 15
mon3,off-b,2dbc38fe,s,0,20:11:25,20:12:11,14,0,0.000,0,,26,13,18,13/18,0/0,0.0/0.0,0.032,0.044,1.5,card4:79 card6:92,card4:20 card6:20,0,host 13
mon3,on-b,2039faae,s,0,20:12:15,20:13:00,14,0,0.000,0,,30,14,18,14/18,0/0,0.0/0.0,0.035,0.045,2.2,card4:91 card6:92,card4:20 card6:20,0,host 14
mon3,on-b,2039faae,g,0,20:13:00,20:13:45,14,0,0.000,0,,28,14,31,14/31,0/0,0.0/0.0,0.036,0.056,1.2,card4:88 card6:95,card4:20 card6:20,0,host 13
