set,server,version,step,sampling,users,round,best,completed,failed,short,output_tok_s,req_s,ttft_p50_ms,ttft_p99_ms,itl_p50_ms,itl_p99_ms,tpot_mean_ms,e2e_p99_ms,reused_mean
main-only,a,0.1.0+gede8fd7f9452,g,greedy,16,0,0,16,0,0,417.6,3.263,886.88,1260.11,28.28,36.81,31.14,4886.51,0.0
main-only,a,0.1.0+gede8fd7f9452,g,greedy,16,1,1,16,0,0,442.5,3.457,714.79,1093.78,27.73,35.65,30.31,4621.43,0.0
main-only,a,0.1.0+gede8fd7f9452,g,greedy,32,0,0,32,0,0,511.2,3.994,1401.81,2259.70,45.04,397.11,51.67,7993.40,0.0
main-only,a,0.1.0+gede8fd7f9452,g,greedy,32,1,1,32,0,0,538.3,4.206,1170.50,2024.76,43.41,396.35,49.79,7590.23,0.0
main-only,a,0.1.0+gede8fd7f9452,g,greedy,64,0,1,64,0,0,578.4,4.519,2283.66,4206.51,78.50,501.23,91.89,14113.70,0.0
main-only,a,0.1.0+gede8fd7f9452,g,greedy,64,1,0,64,0,0,554.6,4.333,2108.69,4049.28,86.01,506.24,97.51,14729.22,0.0
main-only,a,0.1.0+gede8fd7f9452,s,defaults,16,0,0,16,0,0,429.6,3.357,728.45,1100.58,28.46,35.67,31.24,4748.90,0.0
main-only,a,0.1.0+gede8fd7f9452,s,defaults,16,1,1,16,0,0,431.2,3.369,717.03,1088.95,28.26,39.82,31.22,4733.09,0.0
main-only,a,0.1.0+gede8fd7f9452,s,defaults,32,0,0,32,0,0,493.8,3.858,1315.65,2136.30,47.19,352.32,54.47,8274.33,0.0
main-only,a,0.1.0+gede8fd7f9452,s,defaults,32,1,1,32,0,0,524.3,4.096,1275.81,2009.07,45.01,454.02,51.40,7783.82,0.0
main-only,a,0.1.0+gede8fd7f9452,s,defaults,64,0,1,64,0,0,572.9,4.476,2112.36,4047.31,81.11,505.57,93.75,14247.85,0.0
main-only,a,0.1.0+gede8fd7f9452,s,defaults,64,1,0,64,0,0,564.9,4.413,2109.66,4066.01,82.57,507.18,95.37,14458.60,0.0
main-only,b,0.1.0+gede8fd7f9452,g,greedy,16,0,0,16,0,0,408.4,3.190,733.06,1102.73,30.09,48.65,33.16,4993.71,0.0
main-only,b,0.1.0+gede8fd7f9452,g,greedy,16,1,1,16,0,0,421.3,3.291,821.94,1088.57,29.36,66.28,32.14,4849.44,0.0
main-only,b,0.1.0+gede8fd7f9452,g,greedy,32,0,0,32,0,0,504.2,3.939,1221.62,2032.25,48.32,345.93,53.78,8103.49,0.0
main-only,b,0.1.0+gede8fd7f9452,g,greedy,32,1,1,32,0,0,517.3,4.041,1186.99,2043.31,46.35,397.04,52.05,7893.92,0.0
main-only,b,0.1.0+gede8fd7f9452,g,greedy,64,0,0,64,0,0,552.2,4.314,2100.72,4033.43,86.07,499.04,97.98,14781.57,0.0
main-only,b,0.1.0+gede8fd7f9452,g,greedy,64,1,1,64,0,0,555.6,4.341,2111.74,4034.10,83.88,502.26,97.26,14688.19,0.0
main-only,b,0.1.0+gede8fd7f9452,s,defaults,16,0,0,16,0,0,415.4,3.245,933.92,1308.57,28.13,34.78,30.98,4912.13,0.0
main-only,b,0.1.0+gede8fd7f9452,s,defaults,16,1,1,16,0,0,436.7,3.412,721.03,1097.11,27.93,37.57,30.72,4678.59,0.0
main-only,b,0.1.0+gede8fd7f9452,s,defaults,32,0,0,32,0,0,522.6,4.082,1385.81,2242.10,44.19,397.52,50.33,7813.36,0.0
main-only,b,0.1.0+gede8fd7f9452,s,defaults,32,1,1,32,0,0,533.5,4.168,1181.23,2037.25,44.25,394.43,50.26,7658.61,0.0
main-only,b,0.1.0+gede8fd7f9452,s,defaults,64,0,0,64,0,0,575.1,4.493,2460.93,4327.02,78.92,508.09,91.96,14193.59,0.0
main-only,b,0.1.0+gede8fd7f9452,s,defaults,64,1,1,64,0,0,582.3,4.549,2137.07,4067.24,79.49,501.39,91.88,14027.77,0.0
main-only,t,0.1.0+gede8fd7f9452,g16,greedy,16,0,0,16,0,0,375.7,2.935,992.20,1410.15,30.19,68.74,34.58,5435.43,0.0
main-only,t,0.1.0+gede8fd7f9452,g16,greedy,16,1,1,16,0,0,397.7,3.107,723.32,1102.24,30.06,88.55,34.31,5137.65,0.0
main-only,t,0.1.0+gede8fd7f9452,g32,greedy,32,0,0,32,0,0,476.4,3.722,1446.95,2548.99,47.52,399.10,54.98,8564.76,0.0
main-only,t,0.1.0+gede8fd7f9452,g32,greedy,32,1,1,32,0,0,518.4,4.050,1175.04,2034.13,46.05,398.12,51.98,7874.38,0.0
main-only,t,0.1.0+gede8fd7f9452,g64,greedy,64,0,0,64,0,0,534.7,4.178,2443.44,4766.17,84.22,512.33,98.66,15270.66,0.0
main-only,t,0.1.0+gede8fd7f9452,g64,greedy,64,1,1,64,0,0,550.5,4.301,2160.24,4031.00,86.92,502.46,98.39,14835.57,0.0
main-only,t,0.1.0+gede8fd7f9452,s16,defaults,16,0,0,16,0,0,462.1,3.610,578.29,735.35,28.40,44.45,29.89,4415.23,64.0
main-only,t,0.1.0+gede8fd7f9452,s16,defaults,16,1,1,16,0,0,472.2,3.689,551.75,638.03,28.64,43.01,30.03,4328.24,64.0
main-only,t,0.1.0+gede8fd7f9452,s32,defaults,32,0,0,32,0,0,592.2,4.626,759.66,1142.49,44.38,63.01,47.90,6900.33,62.0
main-only,t,0.1.0+gede8fd7f9452,s32,defaults,32,1,1,32,0,0,613.4,4.792,724.75,1130.57,42.87,62.10,46.00,6659.27,62.0
main-only,t,0.1.0+gede8fd7f9452,s64,defaults,64,0,0,64,0,0,556.9,4.351,2347.67,4289.31,84.00,503.55,95.20,14674.55,0.0
main-only,t,0.1.0+gede8fd7f9452,s64,defaults,64,1,1,64,0,0,573.3,4.479,2118.09,4035.94,82.10,500.07,93.54,14224.68,0.0
first-ab-1,a,0.1.0+g945a732c3d3a,g,greedy,16,0,0,16,0,0,429.0,3.352,947.00,1232.65,25.42,129.96,29.68,4756.09,0.0
first-ab-1,a,0.1.0+g945a732c3d3a,g,greedy,16,1,1,16,0,0,467.5,3.652,716.74,1096.28,25.22,36.80,28.34,4372.42,0.0
first-ab-1,a,0.1.0+g945a732c3d3a,g,greedy,32,0,0,32,0,0,575.5,4.496,1394.57,2248.82,38.20,397.39,44.67,7094.20,0.0
first-ab-1,a,0.1.0+g945a732c3d3a,g,greedy,32,1,1,32,0,0,593.8,4.639,1167.27,2013.24,37.87,397.34,44.18,6866.92,0.0
first-ab-1,a,0.1.0+g945a732c3d3a,g,greedy,64,0,0,64,0,0,636.9,4.976,2310.12,4147.39,68.51,493.58,81.51,12745.13,0.0
first-ab-1,a,0.1.0+g945a732c3d3a,g,greedy,64,1,1,64,0,0,641.7,5.013,2112.32,4017.70,69.32,499.80,81.92,12725.27,0.0
first-ab-1,a,0.1.0+g945a732c3d3a,s,defaults,16,0,0,16,0,0,461.5,3.605,714.08,1092.94,25.75,36.92,28.79,4427.44,0.0
first-ab-1,a,0.1.0+g945a732c3d3a,s,defaults,16,1,1,16,0,0,462.4,3.612,715.14,1096.96,25.87,35.11,28.71,4422.47,0.0
first-ab-1,a,0.1.0+g945a732c3d3a,s,defaults,32,0,0,32,0,0,583.0,4.555,1168.37,1993.35,39.30,397.90,45.22,6984.00,0.0
first-ab-1,a,0.1.0+g945a732c3d3a,s,defaults,32,1,1,32,0,0,596.7,4.662,1134.12,1922.65,38.15,398.58,43.97,6784.75,0.0
first-ab-1,a,0.1.0+g945a732c3d3a,s,defaults,64,0,1,64,0,0,654.3,5.112,2088.08,3975.60,68.16,493.64,80.14,12470.40,0.0
first-ab-1,a,0.1.0+g945a732c3d3a,s,defaults,64,1,0,64,0,0,646.6,5.052,2102.99,3996.41,69.32,491.51,81.31,12635.61,0.0
first-ab-2,c,0.1.0+gede8fd7f9452,g,greedy,16,0,0,16,0,0,410.0,3.204,921.90,1297.60,28.00,71.33,31.62,4983.12,0.0
first-ab-2,c,0.1.0+gede8fd7f9452,g,greedy,16,1,1,16,0,0,429.3,3.354,713.43,1093.64,28.41,42.58,31.40,4760.77,0.0
first-ab-2,c,0.1.0+gede8fd7f9452,g,greedy,32,0,0,32,0,0,502.6,3.927,1403.77,2265.13,45.34,397.62,52.67,8132.53,0.0
first-ab-2,c,0.1.0+gede8fd7f9452,g,greedy,32,1,1,32,0,0,515.4,4.026,1171.34,2026.41,45.38,397.75,52.39,7927.00,0.0
first-ab-2,c,0.1.0+gede8fd7f9452,g,greedy,64,0,0,64,0,0,543.9,4.249,2497.46,4388.57,83.43,510.00,97.90,15004.51,0.0
first-ab-2,c,0.1.0+gede8fd7f9452,g,greedy,64,1,1,64,0,0,556.9,4.351,2152.16,4059.55,85.17,501.69,96.74,14645.75,0.0
first-ab-2,c,0.1.0+gede8fd7f9452,s,defaults,16,0,0,16,0,0,444.6,3.473,714.00,1092.08,27.23,34.10,30.11,4595.10,0.0
first-ab-2,c,0.1.0+gede8fd7f9452,s,defaults,16,1,1,16,0,0,448.7,3.505,720.86,1094.67,26.96,32.97,29.77,4555.63,0.0
first-ab-2,c,0.1.0+gede8fd7f9452,s,defaults,32,0,0,32,0,0,541.9,4.234,1270.90,2006.82,44.16,452.30,49.50,7541.87,0.0
first-ab-2,c,0.1.0+gede8fd7f9452,s,defaults,32,1,1,32,0,0,542.9,4.241,1171.06,2026.80,43.50,397.55,49.26,7525.71,0.0
first-ab-2,c,0.1.0+gede8fd7f9452,s,defaults,64,0,0,64,0,0,578.3,4.518,2095.46,4021.30,81.08,497.93,92.80,14113.96,0.0
first-ab-2,c,0.1.0+gede8fd7f9452,s,defaults,64,1,1,64,0,0,583.4,4.558,2196.86,3963.85,80.44,501.33,92.03,13996.67,0.0
first-ab-3,b,0.1.0+g945a732c3d3a,g,greedy,16,0,0,16,0,0,442.0,3.453,853.16,1181.10,26.25,56.53,29.68,4619.41,0.0
first-ab-3,b,0.1.0+g945a732c3d3a,g,greedy,16,1,1,16,0,0,454.9,3.554,713.18,1100.34,26.46,33.27,29.27,4488.77,0.0
first-ab-3,b,0.1.0+g945a732c3d3a,g,greedy,32,0,1,32,0,0,567.7,4.435,1185.72,2044.03,40.15,398.59,46.60,7196.32,0.0
first-ab-3,b,0.1.0+g945a732c3d3a,g,greedy,32,1,0,32,0,0,564.0,4.406,1217.24,2020.69,40.95,453.78,47.13,7245.95,0.0
first-ab-3,b,0.1.0+g945a732c3d3a,g,greedy,64,0,1,64,0,0,642.5,5.020,2170.26,4032.01,69.36,501.51,81.81,12700.28,0.0
first-ab-3,b,0.1.0+g945a732c3d3a,g,greedy,64,1,0,64,0,0,638.4,4.988,2099.85,4002.42,69.34,496.45,82.51,12791.11,0.0
first-ab-3,b,0.1.0+g945a732c3d3a,s,defaults,16,0,0,16,0,0,455.9,3.562,905.39,1285.31,24.88,38.02,27.79,4478.81,0.0
first-ab-3,b,0.1.0+g945a732c3d3a,s,defaults,16,1,1,16,0,0,475.3,3.713,714.27,1092.02,25.12,56.09,27.77,4295.82,0.0
first-ab-3,b,0.1.0+g945a732c3d3a,s,defaults,32,0,0,32,0,0,565.0,4.414,1393.80,2248.56,39.24,397.90,45.71,7227.64,0.0
first-ab-3,b,0.1.0+g945a732c3d3a,s,defaults,32,1,1,32,0,0,585.2,4.572,1165.83,2018.07,39.03,397.92,45.05,6979.89,0.0
first-ab-3,b,0.1.0+g945a732c3d3a,s,defaults,64,0,0,64,0,0,616.6,4.817,2285.50,4193.10,71.60,498.65,85.18,13243.08,0.0
first-ab-3,b,0.1.0+g945a732c3d3a,s,defaults,64,1,1,64,0,0,632.5,4.941,2089.24,3975.15,71.32,492.27,83.49,12903.72,0.0
first-ab-3,t,0.1.0+g945a732c3d3a,g16,greedy,16,0,0,16,0,0,431.9,3.374,946.34,1350.62,26.04,42.46,29.42,4719.39,0.0
first-ab-3,t,0.1.0+g945a732c3d3a,g16,greedy,16,1,1,16,0,0,458.9,3.585,719.76,1098.68,26.18,42.24,28.96,4452.40,0.0
first-ab-3,t,0.1.0+g945a732c3d3a,g32,greedy,32,0,0,32,0,0,522.6,4.083,1472.25,2576.04,40.44,401.29,48.93,7808.14,0.0
first-ab-3,t,0.1.0+g945a732c3d3a,g32,greedy,32,1,1,32,0,0,587.4,4.589,1170.03,2022.43,38.52,399.33,44.78,6948.78,0.0
first-ab-3,t,0.1.0+g945a732c3d3a,g64,greedy,64,0,0,64,0,0,610.8,4.772,2334.90,4500.48,70.02,499.08,84.92,13367.12,0.0
first-ab-3,t,0.1.0+g945a732c3d3a,g64,greedy,64,1,1,64,0,0,639.8,4.998,2090.30,3977.91,69.23,492.69,82.40,12755.52,0.0
first-ab-3,t,0.1.0+g945a732c3d3a,s16,defaults,16,0,1,16,0,0,508.2,3.970,452.40,628.94,26.35,35.88,27.49,4015.60,64.0
first-ab-3,t,0.1.0+g945a732c3d3a,s16,defaults,16,1,0,16,0,0,495.5,3.871,454.93,639.22,27.12,35.49,28.31,4122.76,64.0
first-ab-3,t,0.1.0+g945a732c3d3a,s32,defaults,32,0,1,32,0,0,662.7,5.177,732.92,1124.85,38.89,53.30,41.84,6121.86,62.0
first-ab-3,t,0.1.0+g945a732c3d3a,s32,defaults,32,1,0,32,0,0,661.4,5.167,724.86,1118.46,38.98,68.75,42.21,6161.85,62.0
first-ab-3,t,0.1.0+g945a732c3d3a,s64,defaults,64,0,1,64,0,0,647.5,5.058,2099.30,3980.89,68.49,492.74,81.12,12592.01,0.0
first-ab-3,t,0.1.0+g945a732c3d3a,s64,defaults,64,1,0,64,0,0,646.2,5.048,2090.88,3982.24,68.98,491.09,81.42,12635.37,0.0
three-arm,A-a,0.1.0+g41576911cc3e,g,greedy,16,0,0,16,0,0,423.2,3.306,1018.67,1395.18,26.86,45.63,30.16,4827.20,0.0
three-arm,A-a,0.1.0+g41576911cc3e,g,greedy,16,1,1,16,0,0,443.0,3.461,715.96,1098.05,26.91,39.47,30.25,4614.74,0.0
three-arm,A-a,0.1.0+g41576911cc3e,g,greedy,32,0,0,32,0,0,508.2,3.970,1514.52,2368.60,43.70,398.53,51.34,8035.75,0.0
three-arm,A-a,0.1.0+g41576911cc3e,g,greedy,32,1,1,32,0,0,535.2,4.181,1188.28,2032.05,43.25,398.63,50.00,7619.95,0.0
three-arm,A-a,0.1.0+g41576911cc3e,g,greedy,64,0,0,64,0,0,573.8,4.483,2309.85,4200.78,78.04,502.27,92.69,14195.03,0.0
three-arm,A-a,0.1.0+g41576911cc3e,g,greedy,64,1,1,64,0,0,575.6,4.497,2110.69,4005.67,78.50,507.69,93.21,14168.20,0.0
three-arm,A-a,0.1.0+g41576911cc3e,s,defaults,16,0,0,16,0,0,392.3,3.065,733.31,1105.21,29.25,92.64,34.78,5198.87,0.0
three-arm,A-a,0.1.0+g41576911cc3e,s,defaults,16,1,1,16,0,0,439.5,3.433,719.79,1107.08,27.30,49.97,30.47,4649.06,0.0
three-arm,A-a,0.1.0+g41576911cc3e,s,defaults,32,0,0,32,0,0,553.0,4.321,1171.91,2027.95,41.61,398.98,48.15,7380.49,0.0
three-arm,A-a,0.1.0+g41576911cc3e,s,defaults,32,1,1,32,0,0,560.6,4.380,1165.26,2008.64,40.94,398.36,47.39,7274.44,0.0
three-arm,A-a,0.1.0+g41576911cc3e,s,defaults,64,0,0,64,0,0,596.2,4.658,2121.25,4032.40,76.35,502.61,89.46,13686.04,0.0
three-arm,A-a,0.1.0+g41576911cc3e,s,defaults,64,1,1,64,0,0,604.7,4.724,2083.89,3956.62,75.94,494.55,88.04,13453.65,0.0
three-arm,A-b,0.1.0+g41576911cc3e,g,greedy,16,0,1,16,0,0,439.7,3.435,716.70,1102.53,27.80,36.98,30.48,4638.23,0.0
three-arm,A-b,0.1.0+g41576911cc3e,g,greedy,16,1,0,16,0,0,429.9,3.359,831.52,1099.96,28.88,71.07,31.26,4752.22,0.0
three-arm,A-b,0.1.0+g41576911cc3e,g,greedy,32,0,1,32,0,0,544.4,4.253,1179.46,2034.89,42.73,396.46,48.93,7483.51,0.0
three-arm,A-b,0.1.0+g41576911cc3e,g,greedy,32,1,0,32,0,0,542.7,4.240,1176.77,2035.73,43.36,398.52,49.22,7521.71,0.0
three-arm,A-b,0.1.0+g41576911cc3e,g,greedy,64,0,0,64,0,0,581.3,4.542,2098.99,4010.21,81.12,498.59,92.25,14039.72,0.0
three-arm,A-b,0.1.0+g41576911cc3e,g,greedy,64,1,1,64,0,0,592.9,4.632,2132.33,4069.42,77.64,501.51,89.98,13781.17,0.0
three-arm,A-b,0.1.0+g41576911cc3e,s,defaults,16,0,0,16,0,0,432.8,3.381,944.90,1314.34,25.92,69.39,29.35,4713.42,0.0
three-arm,A-b,0.1.0+g41576911cc3e,s,defaults,16,1,1,16,0,0,448.0,3.500,716.56,1101.67,26.92,50.75,29.82,4562.72,0.0
three-arm,A-b,0.1.0+g41576911cc3e,s,defaults,32,0,0,32,0,0,512.5,4.004,1770.77,2581.57,41.44,350.69,49.76,7965.10,0.0
three-arm,A-b,0.1.0+g41576911cc3e,s,defaults,32,1,1,32,0,0,561.2,4.385,1164.46,2017.56,41.00,398.65,47.32,7278.15,0.0
three-arm,A-b,0.1.0+g41576911cc3e,s,defaults,64,0,0,64,0,0,594.6,4.645,2310.21,4216.91,75.71,501.51,88.82,13718.92,0.0
three-arm,A-b,0.1.0+g41576911cc3e,s,defaults,64,1,1,64,0,0,613.0,4.789,2115.09,4010.65,74.09,496.92,86.58,13311.33,0.0
three-arm,A-t,0.1.0+g41576911cc3e,g16,greedy,16,0,1,16,0,0,410.4,3.207,941.98,1357.11,27.97,51.96,31.42,4981.19,0.0
three-arm,A-t,0.1.0+g41576911cc3e,g16,greedy,16,1,0,16,0,0,391.7,3.061,742.66,1117.82,30.04,174.45,34.77,5214.46,0.0
three-arm,A-t,0.1.0+g41576911cc3e,g32,greedy,32,0,0,32,0,0,488.8,3.818,1520.16,2639.90,44.06,406.56,52.82,8359.05,0.0
three-arm,A-t,0.1.0+g41576911cc3e,g32,greedy,32,1,1,32,0,0,525.6,4.106,1181.45,2030.69,44.17,400.88,51.12,7769.05,0.0
three-arm,A-t,0.1.0+g41576911cc3e,g64,greedy,64,0,0,64,0,0,559.5,4.371,2341.17,4509.60,79.83,508.88,94.46,14595.97,0.0
three-arm,A-t,0.1.0+g41576911cc3e,g64,greedy,64,1,1,64,0,0,589.4,4.605,2166.40,4053.58,78.38,499.73,90.34,13832.38,0.0
three-arm,A-t,0.1.0+g41576911cc3e,s16,defaults,16,0,0,16,0,0,421.6,3.294,756.66,1133.96,28.41,43.08,31.75,4843.34,0.0
three-arm,A-t,0.1.0+g41576911cc3e,s16,defaults,16,1,1,16,0,0,428.8,3.350,723.02,1094.56,28.37,46.27,31.40,4761.60,0.0
three-arm,A-t,0.1.0+g41576911cc3e,s32,defaults,32,0,0,32,0,0,532.2,4.158,1329.86,2080.71,42.41,344.73,49.92,7659.86,0.0
three-arm,A-t,0.1.0+g41576911cc3e,s32,defaults,32,1,1,32,0,0,540.7,4.224,1181.26,2035.18,42.62,401.57,49.42,7541.00,0.0
three-arm,A-t,0.1.0+g41576911cc3e,s64,defaults,64,0,1,64,0,0,600.2,4.689,2120.31,4008.28,76.63,497.02,88.73,13585.47,0.0
three-arm,A-t,0.1.0+g41576911cc3e,s64,defaults,64,1,0,64,0,0,596.2,4.658,2076.75,3969.83,75.33,497.50,89.38,13641.25,0.0
three-arm,AB-a,0.1.0+g65320e2f7e18,g,greedy,16,0,0,16,0,0,451.5,3.527,907.14,1278.85,25.45,49.04,28.12,4519.91,0.0
three-arm,AB-a,0.1.0+g65320e2f7e18,g,greedy,16,1,1,16,0,0,472.6,3.692,719.53,1094.96,25.04,35.25,27.92,4318.89,0.0
three-arm,AB-a,0.1.0+g65320e2f7e18,g,greedy,32,0,0,32,0,0,572.5,4.473,1417.08,2268.18,38.38,397.93,44.82,7125.61,0.0
three-arm,AB-a,0.1.0+g65320e2f7e18,g,greedy,32,1,1,32,0,0,585.0,4.570,1251.54,2049.80,38.35,346.47,44.79,6975.73,0.0
three-arm,AB-a,0.1.0+g65320e2f7e18,g,greedy,64,0,0,64,0,0,637.5,4.980,2364.12,4308.02,67.91,496.55,81.24,12794.93,0.0
three-arm,AB-a,0.1.0+g65320e2f7e18,g,greedy,64,1,1,64,0,0,646.6,5.051,2090.13,4018.00,68.85,492.15,81.35,12663.74,0.0
three-arm,AB-a,0.1.0+g65320e2f7e18,s,defaults,16,0,1,16,0,0,472.7,3.693,719.58,1095.24,24.87,34.21,27.90,4320.46,0.0
three-arm,AB-a,0.1.0+g65320e2f7e18,s,defaults,16,1,0,16,0,0,456.7,3.568,725.42,1114.22,25.70,58.62,29.06,4481.93,0.0
three-arm,AB-a,0.1.0+g65320e2f7e18,s,defaults,32,0,0,32,0,0,587.1,4.587,1205.05,2044.25,38.69,400.34,44.55,6947.04,0.0
three-arm,AB-a,0.1.0+g65320e2f7e18,s,defaults,32,1,1,32,0,0,589.2,4.603,1165.06,2010.76,38.63,398.91,44.65,6920.72,0.0
three-arm,AB-a,0.1.0+g65320e2f7e18,s,defaults,64,0,0,64,0,0,643.9,5.030,2089.59,3967.00,69.50,494.31,81.70,12655.40,0.0
three-arm,AB-a,0.1.0+g65320e2f7e18,s,defaults,64,1,1,64,0,0,650.8,5.084,2088.30,3976.08,68.45,492.97,80.63,12523.22,0.0
three-arm,AB-b,0.1.0+g65320e2f7e18,g,greedy,16,0,1,16,0,0,476.2,3.720,719.63,1093.81,24.92,33.24,27.66,4286.16,0.0
three-arm,AB-b,0.1.0+g65320e2f7e18,g,greedy,16,1,0,16,0,0,460.1,3.594,723.17,1100.66,25.96,37.22,28.83,4442.86,0.0
three-arm,AB-b,0.1.0+g65320e2f7e18,g,greedy,32,0,0,32,0,0,574.3,4.486,1182.93,2037.35,39.78,398.58,45.96,7106.72,0.0
three-arm,AB-b,0.1.0+g65320e2f7e18,g,greedy,32,1,1,32,0,0,589.7,4.607,1167.22,2018.83,38.90,398.48,44.60,6923.96,0.0
three-arm,AB-b,0.1.0+g65320e2f7e18,g,greedy,64,0,1,64,0,0,645.4,5.042,2082.02,3963.25,69.62,492.76,81.45,12624.59,0.0
three-arm,AB-b,0.1.0+g65320e2f7e18,g,greedy,64,1,0,64,0,0,635.8,4.967,2134.25,4038.97,69.88,500.17,82.59,12829.01,0.0
three-arm,AB-b,0.1.0+g65320e2f7e18,s,defaults,16,0,0,16,0,0,454.2,3.548,897.42,1273.06,24.70,78.98,27.98,4497.27,0.0
three-arm,AB-b,0.1.0+g65320e2f7e18,s,defaults,16,1,1,16,0,0,458.4,3.582,724.48,1101.44,26.01,36.50,28.96,4455.43,0.0
three-arm,AB-b,0.1.0+g65320e2f7e18,s,defaults,32,0,0,32,0,0,575.5,4.496,1410.04,2262.43,37.70,398.28,44.55,7090.32,0.0
three-arm,AB-b,0.1.0+g65320e2f7e18,s,defaults,32,1,1,32,0,0,589.0,4.602,1173.40,2011.75,38.44,399.29,44.61,6920.36,0.0
three-arm,AB-b,0.1.0+g65320e2f7e18,s,defaults,64,0,0,64,0,0,636.6,4.973,2375.60,4214.65,68.41,495.77,81.65,12817.00,0.0
three-arm,AB-b,0.1.0+g65320e2f7e18,s,defaults,64,1,1,64,0,0,645.5,5.043,2135.20,4012.32,69.23,492.52,81.17,12626.36,0.0
three-arm,AB-t,0.1.0+g65320e2f7e18,g16,greedy,16,0,1,16,0,0,430.1,3.361,1043.70,1391.62,26.02,36.11,29.36,4744.66,0.0
three-arm,AB-t,0.1.0+g65320e2f7e18,g16,greedy,16,1,0,16,0,0,407.0,3.180,729.87,1148.78,27.35,74.10,33.21,5018.80,0.0
three-arm,AB-t,0.1.0+g65320e2f7e18,g32,greedy,32,0,1,32,0,0,500.3,3.909,1420.02,2484.39,44.72,402.79,52.00,8150.75,0.0
three-arm,AB-t,0.1.0+g65320e2f7e18,g32,greedy,32,1,0,32,0,0,414.4,3.237,1210.88,2104.28,53.01,396.99,66.96,9846.94,0.0
three-arm,AB-t,0.1.0+g65320e2f7e18,g64,greedy,64,0,0,64,0,0,600.4,4.690,2393.64,4667.51,70.78,506.97,85.88,13577.90,0.0
three-arm,AB-t,0.1.0+g65320e2f7e18,g64,greedy,64,1,1,64,0,0,616.2,4.814,2118.44,4061.82,72.82,499.99,85.87,13263.86,0.0
three-arm,AB-t,0.1.0+g65320e2f7e18,s16,defaults,16,0,0,16,0,0,437.9,3.421,739.03,1117.35,27.58,37.23,30.45,4660.71,0.0
three-arm,AB-t,0.1.0+g65320e2f7e18,s16,defaults,16,1,1,16,0,0,448.0,3.500,725.32,1097.30,26.84,44.66,29.76,4556.30,0.0
three-arm,AB-t,0.1.0+g65320e2f7e18,s32,defaults,32,0,0,32,0,0,517.7,4.044,1369.73,2704.00,40.19,609.47,49.83,7887.82,0.0
three-arm,AB-t,0.1.0+g65320e2f7e18,s32,defaults,32,1,1,32,0,0,573.4,4.480,1172.08,2023.58,39.37,399.22,46.10,7117.60,0.0
three-arm,AB-t,0.1.0+g65320e2f7e18,s64,defaults,64,0,0,64,0,0,635.2,4.963,2098.97,3982.12,70.20,491.40,82.97,12845.18,0.0
three-arm,AB-t,0.1.0+g65320e2f7e18,s64,defaults,64,1,1,64,0,0,641.2,5.009,2131.96,4043.52,68.92,500.09,81.72,12721.81,0.0
three-arm,main-a,0.1.0+gede8fd7f9452,g,greedy,16,0,1,16,0,0,428.3,3.346,877.83,1254.29,27.68,34.28,30.29,4772.63,0.0
three-arm,main-a,0.1.0+gede8fd7f9452,g,greedy,16,1,0,16,0,0,421.5,3.293,715.30,1094.31,29.60,36.41,32.10,4849.34,0.0
three-arm,main-a,0.1.0+gede8fd7f9452,g,greedy,32,0,0,32,0,0,515.7,4.029,1458.59,2315.52,44.27,398.26,50.75,7921.68,0.0
three-arm,main-a,0.1.0+gede8fd7f9452,g,greedy,32,1,1,32,0,0,530.0,4.141,1176.16,2041.31,44.97,396.58,50.64,7711.30,0.0
three-arm,main-a,0.1.0+gede8fd7f9452,g,greedy,64,0,0,64,0,0,558.3,4.362,2314.89,4243.73,83.04,505.83,95.80,14624.93,0.0
three-arm,main-a,0.1.0+gede8fd7f9452,g,greedy,64,1,1,64,0,0,573.0,4.477,2194.98,4074.68,82.20,502.90,93.68,14257.26,0.0
three-arm,main-a,0.1.0+gede8fd7f9452,s,defaults,16,0,0,16,0,0,425.0,3.320,716.50,1096.24,28.94,37.76,31.77,4808.48,0.0
three-arm,main-a,0.1.0+gede8fd7f9452,s,defaults,16,1,1,16,0,0,427.7,3.341,723.00,1101.94,28.78,36.29,31.49,4779.56,0.0
three-arm,main-a,0.1.0+gede8fd7f9452,s,defaults,32,0,0,32,0,0,513.2,4.010,1182.62,2042.57,45.28,397.10,52.58,7962.58,0.0
three-arm,main-a,0.1.0+gede8fd7f9452,s,defaults,32,1,1,32,0,0,542.4,4.238,1170.14,2032.40,43.49,397.20,49.33,7537.60,0.0
three-arm,main-a,0.1.0+gede8fd7f9452,s,defaults,64,0,1,64,0,0,594.0,4.640,2111.75,4051.14,78.02,502.99,89.86,13755.81,0.0
three-arm,main-a,0.1.0+gede8fd7f9452,s,defaults,64,1,0,64,0,0,591.8,4.623,2216.12,4000.27,78.19,503.79,90.32,13799.53,0.0
three-arm,main-b,0.1.0+gede8fd7f9452,g,greedy,16,0,1,16,0,0,418.2,3.267,712.56,1093.12,29.63,67.28,32.38,4886.14,0.0
three-arm,main-b,0.1.0+gede8fd7f9452,g,greedy,16,1,0,16,0,0,414.1,3.235,720.94,1101.10,30.15,49.24,32.72,4933.79,0.0
three-arm,main-b,0.1.0+gede8fd7f9452,g,greedy,32,0,0,32,0,0,486.0,3.797,1184.59,2052.94,50.30,399.15,56.10,8406.98,0.0
three-arm,main-b,0.1.0+gede8fd7f9452,g,greedy,32,1,1,32,0,0,512.8,4.006,1281.74,2020.50,46.57,455.99,52.74,7962.31,0.0
three-arm,main-b,0.1.0+gede8fd7f9452,g,greedy,64,0,0,64,0,0,549.1,4.289,2120.83,4060.10,87.39,503.70,98.55,14876.86,0.0
three-arm,main-b,0.1.0+gede8fd7f9452,g,greedy,64,1,1,64,0,0,549.1,4.290,2101.51,4032.37,87.75,502.66,98.59,14866.90,0.0
three-arm,main-b,0.1.0+gede8fd7f9452,s,defaults,16,0,0,16,0,0,366.8,2.866,968.91,1344.90,32.82,74.52,35.89,5571.77,0.0
three-arm,main-b,0.1.0+gede8fd7f9452,s,defaults,16,1,1,16,0,0,441.4,3.449,727.36,1104.04,27.28,76.49,30.30,4630.24,0.0
three-arm,main-b,0.1.0+gede8fd7f9452,s,defaults,32,0,0,32,0,0,507.9,3.968,1558.58,2320.41,43.96,345.45,51.62,8034.41,0.0
three-arm,main-b,0.1.0+gede8fd7f9452,s,defaults,32,1,1,32,0,0,529.6,4.138,1195.97,2050.49,44.80,397.92,50.56,7713.05,0.0
three-arm,main-b,0.1.0+gede8fd7f9452,s,defaults,64,0,0,64,0,0,544.8,4.256,2381.86,4305.00,85.74,504.04,97.90,14962.63,0.0
three-arm,main-b,0.1.0+gede8fd7f9452,s,defaults,64,1,1,64,0,0,586.4,4.581,2125.55,4005.41,79.38,497.25,91.19,13895.74,0.0
three-arm,main-t,0.1.0+gede8fd7f9452,g16,greedy,16,0,0,16,0,0,376.4,2.941,956.43,1393.97,30.34,85.34,34.27,5431.15,0.0
three-arm,main-t,0.1.0+gede8fd7f9452,g16,greedy,16,1,1,16,0,0,403.4,3.152,809.80,1189.38,29.94,62.54,33.07,5067.25,0.0
three-arm,main-t,0.1.0+gede8fd7f9452,g32,greedy,32,0,0,32,0,0,477.1,3.727,1494.23,2611.11,46.95,398.65,54.58,8551.11,0.0
three-arm,main-t,0.1.0+gede8fd7f9452,g32,greedy,32,1,1,32,0,0,502.4,3.925,1175.88,2036.54,48.35,397.25,53.94,8130.40,0.0
three-arm,main-t,0.1.0+gede8fd7f9452,g64,greedy,64,0,1,64,0,0,536.8,4.194,2342.85,4438.37,85.60,518.75,99.34,15160.29,0.0
three-arm,main-t,0.1.0+gede8fd7f9452,g64,greedy,64,1,0,64,0,0,531.9,4.156,2144.76,4080.13,88.79,507.60,101.99,15354.66,0.0
three-arm,main-t,0.1.0+gede8fd7f9452,s16,defaults,16,0,1,16,0,0,414.5,3.238,792.46,1149.25,29.14,76.59,32.30,4929.88,0.0
three-arm,main-t,0.1.0+gede8fd7f9452,s16,defaults,16,1,0,16,0,0,387.9,3.030,809.33,1139.70,31.52,70.71,35.07,5264.99,0.0
three-arm,main-t,0.1.0+gede8fd7f9452,s32,defaults,32,0,0,32,0,0,504.4,3.940,1175.57,2036.41,46.91,397.63,53.70,8106.25,0.0
three-arm,main-t,0.1.0+gede8fd7f9452,s32,defaults,32,1,1,32,0,0,508.1,3.970,1181.30,2040.21,47.70,399.50,53.22,8032.45,0.0
three-arm,main-t,0.1.0+gede8fd7f9452,s64,defaults,64,0,0,64,0,0,552.0,4.313,2121.79,4009.83,83.80,500.55,96.83,14738.03,0.0
three-arm,main-t,0.1.0+gede8fd7f9452,s64,defaults,64,1,1,64,0,0,559.7,4.373,2136.97,4071.99,83.47,509.86,96.14,14581.57,0.0
final,H-a,0.1.0+g57d986ca3f48,g,greedy,16,0,0,16,0,0,444.0,3.469,939.52,1313.63,25.59,34.59,28.54,4602.88,0.0
final,H-a,0.1.0+g57d986ca3f48,g,greedy,16,1,1,16,0,0,484.0,3.781,739.15,1120.70,23.76,33.34,27.00,4224.67,0.0
final,H-a,0.1.0+g57d986ca3f48,g,greedy,32,0,0,32,0,0,600.1,4.688,1330.23,2187.47,36.44,398.34,42.75,6809.14,0.0
final,H-a,0.1.0+g57d986ca3f48,g,greedy,32,1,1,32,0,0,618.4,4.831,1164.49,2020.20,36.39,398.57,42.11,6607.57,0.0
final,H-a,0.1.0+g57d986ca3f48,g,greedy,64,0,0,64,0,0,660.5,5.160,2230.84,4122.10,66.05,493.11,78.65,12367.56,0.0
final,H-a,0.1.0+g57d986ca3f48,g,greedy,64,1,1,64,0,0,665.2,5.197,2098.17,3999.53,66.43,493.40,78.58,12285.79,0.0
final,H-a,0.1.0+g57d986ca3f48,s,defaults,16,0,1,16,0,0,493.4,3.855,717.73,1095.05,23.71,28.38,26.51,4140.13,0.0
final,H-a,0.1.0+g57d986ca3f48,s,defaults,16,1,0,16,0,0,487.1,3.806,736.71,1112.10,24.24,31.22,26.85,4197.07,0.0
final,H-a,0.1.0+g57d986ca3f48,s,defaults,32,0,1,32,0,0,615.9,4.812,1169.07,2021.95,36.41,398.92,42.30,6633.76,0.0
final,H-a,0.1.0+g57d986ca3f48,s,defaults,32,1,0,32,0,0,601.8,4.702,1306.69,2046.71,37.32,454.31,43.39,6793.72,0.0
final,H-a,0.1.0+g57d986ca3f48,s,defaults,64,0,0,64,0,0,661.4,5.167,2110.90,4014.70,66.62,495.31,78.98,12346.96,0.0
final,H-a,0.1.0+g57d986ca3f48,s,defaults,64,1,1,64,0,0,666.1,5.204,2095.77,3988.48,66.28,491.71,78.48,12268.40,0.0
final,H-b,0.1.0+g57d986ca3f48,g,greedy,16,0,1,16,0,0,495.9,3.874,711.70,1093.02,23.87,27.19,26.39,4121.85,0.0
final,H-b,0.1.0+g57d986ca3f48,g,greedy,16,1,0,16,0,0,491.2,3.837,712.79,1093.74,23.98,28.68,26.69,4161.55,0.0
final,H-b,0.1.0+g57d986ca3f48,g,greedy,32,0,0,32,0,0,606.6,4.739,1172.21,2028.94,37.11,399.34,43.08,6738.28,0.0
final,H-b,0.1.0+g57d986ca3f48,g,greedy,32,1,1,32,0,0,608.9,4.757,1167.23,2024.29,37.01,399.68,42.92,6713.15,0.0
final,H-b,0.1.0+g57d986ca3f48,g,greedy,64,0,1,64,0,0,664.1,5.188,2095.67,3991.77,66.66,492.00,78.72,12295.90,0.0
final,H-b,0.1.0+g57d986ca3f48,g,greedy,64,1,0,64,0,0,663.9,5.187,2102.36,4003.96,66.67,492.93,78.74,12309.18,0.0
final,H-b,0.1.0+g57d986ca3f48,s,defaults,16,0,0,16,0,0,475.1,3.712,838.65,1212.10,24.17,30.47,26.90,4298.70,0.0
final,H-b,0.1.0+g57d986ca3f48,s,defaults,16,1,1,16,0,0,491.0,3.836,717.97,1096.58,24.18,33.93,26.67,4162.97,0.0
final,H-b,0.1.0+g57d986ca3f48,s,defaults,32,0,0,32,0,0,591.9,4.624,1341.88,2197.10,37.05,398.55,43.44,6903.31,0.0
final,H-b,0.1.0+g57d986ca3f48,s,defaults,32,1,1,32,0,0,616.5,4.816,1167.42,2019.69,36.47,398.60,42.26,6626.84,0.0
final,H-b,0.1.0+g57d986ca3f48,s,defaults,64,0,1,64,0,0,654.0,5.110,2273.78,4205.08,66.40,508.06,79.22,12479.96,0.0
final,H-b,0.1.0+g57d986ca3f48,s,defaults,64,1,0,64,0,0,653.3,5.104,2097.27,3990.79,67.41,491.65,80.33,12501.61,0.0
final,H-t,0.1.0+g57d986ca3f48,g16,greedy,16,0,0,16,0,0,462.8,3.616,869.70,1263.34,24.62,34.84,27.55,4415.82,0.0
final,H-t,0.1.0+g57d986ca3f48,g16,greedy,16,1,1,16,0,0,485.6,3.794,718.87,1100.15,24.24,35.74,27.02,4211.29,0.0
final,H-t,0.1.0+g57d986ca3f48,g32,greedy,32,0,0,32,0,0,558.4,4.363,1388.27,2456.56,38.19,400.46,45.65,7320.16,0.0
final,H-t,0.1.0+g57d986ca3f48,g32,greedy,32,1,1,32,0,0,590.5,4.613,1246.28,2054.61,38.37,343.58,44.38,6922.82,0.0
final,H-t,0.1.0+g57d986ca3f48,g64,greedy,64,0,0,64,0,0,634.4,4.956,2362.31,4368.85,67.97,503.57,81.64,12871.08,0.0
final,H-t,0.1.0+g57d986ca3f48,g64,greedy,64,1,1,64,0,0,658.5,5.144,2107.38,4002.77,67.52,492.85,79.47,12405.08,0.0
final,H-t,0.1.0+g57d986ca3f48,s16,defaults,16,0,1,16,0,0,488.5,3.816,713.99,1095.38,24.20,29.11,26.85,4184.98,0.0
final,H-t,0.1.0+g57d986ca3f48,s16,defaults,16,1,0,16,0,0,469.9,3.671,721.52,1101.66,25.48,42.85,28.13,4351.28,0.0
final,H-t,0.1.0+g57d986ca3f48,s32,defaults,32,0,1,32,0,0,602.8,4.710,1171.14,2027.10,37.48,398.52,43.36,6771.82,0.0
final,H-t,0.1.0+g57d986ca3f48,s32,defaults,32,1,0,32,0,0,602.0,4.703,1167.36,2026.20,37.58,400.60,43.49,6787.16,0.0
final,H-t,0.1.0+g57d986ca3f48,s64,defaults,64,0,0,64,0,0,647.8,5.061,2106.71,4004.34,68.70,494.01,81.12,12612.11,0.0
final,H-t,0.1.0+g57d986ca3f48,s64,defaults,64,1,1,64,0,0,660.1,5.157,2099.60,4001.76,67.21,494.89,79.26,12375.30,0.0
final,main-a,0.1.0+gede8fd7f9452,g,greedy,16,0,1,16,0,0,383.0,2.992,903.31,1273.59,31.68,48.27,34.46,5319.98,0.0
final,main-a,0.1.0+gede8fd7f9452,g,greedy,16,1,0,16,0,0,372.9,2.914,735.60,1115.41,34.21,55.98,36.91,5479.79,0.0
final,main-a,0.1.0+gede8fd7f9452,g,greedy,32,0,0,32,0,0,472.9,3.695,1486.02,2353.02,49.30,395.57,56.20,8643.79,0.0
final,main-a,0.1.0+gede8fd7f9452,g,greedy,32,1,1,32,0,0,485.7,3.794,1192.92,2037.16,49.34,398.07,55.97,8394.46,0.0
final,main-a,0.1.0+gede8fd7f9452,g,greedy,64,0,0,64,0,0,497.9,3.890,2444.50,4417.76,96.02,518.27,108.77,16395.39,0.0
final,main-a,0.1.0+gede8fd7f9452,g,greedy,64,1,1,64,0,0,499.0,3.898,2150.69,4114.93,95.83,516.43,110.03,16362.23,0.0
final,main-a,0.1.0+gede8fd7f9452,s,defaults,16,0,1,16,0,0,415.3,3.244,725.72,1100.53,29.72,42.48,32.55,4916.86,0.0
final,main-a,0.1.0+gede8fd7f9452,s,defaults,16,1,0,16,0,0,408.7,3.193,719.11,1097.51,30.24,48.67,33.25,5001.54,0.0
final,main-a,0.1.0+gede8fd7f9452,s,defaults,32,0,0,32,0,0,502.9,3.929,1184.41,2048.06,47.40,399.17,53.89,8121.98,0.0
final,main-a,0.1.0+gede8fd7f9452,s,defaults,32,1,1,32,0,0,565.2,4.416,1172.30,2030.75,41.25,398.45,46.96,7230.50,0.0
final,main-a,0.1.0+gede8fd7f9452,s,defaults,64,0,0,64,0,0,588.9,4.601,2120.78,4046.99,77.15,499.65,90.83,13880.79,0.0
final,main-a,0.1.0+gede8fd7f9452,s,defaults,64,1,1,64,0,0,596.7,4.662,2104.09,4018.81,76.49,495.83,89.50,13699.50,0.0
final,main-b,0.1.0+gede8fd7f9452,g,greedy,16,0,0,16,0,0,445.6,3.482,713.85,1094.23,27.93,32.14,30.04,4587.41,0.0
final,main-b,0.1.0+gede8fd7f9452,g,greedy,16,1,1,16,0,0,463.9,3.624,718.42,1101.24,25.46,29.70,28.57,4405.82,0.0
final,main-b,0.1.0+gede8fd7f9452,g,greedy,32,0,1,32,0,0,556.9,4.351,1166.26,2021.64,41.13,398.68,47.84,7338.60,0.0
final,main-b,0.1.0+gede8fd7f9452,g,greedy,32,1,0,32,0,0,536.2,4.189,1172.97,2033.42,42.65,399.94,49.95,7624.99,0.0
final,main-b,0.1.0+gede8fd7f9452,g,greedy,64,0,1,64,0,0,602.3,4.706,2100.95,4023.22,75.75,501.67,88.48,13560.72,0.0
final,main-b,0.1.0+gede8fd7f9452,g,greedy,64,1,0,64,0,0,595.4,4.652,2148.78,4016.59,78.02,499.07,89.83,13721.38,0.0
final,main-b,0.1.0+gede8fd7f9452,s,defaults,16,0,0,16,0,0,445.8,3.483,859.04,1238.71,26.34,32.24,28.96,4585.92,0.0
final,main-b,0.1.0+gede8fd7f9452,s,defaults,16,1,1,16,0,0,469.9,3.671,716.05,1096.20,25.42,34.75,28.16,4350.02,0.0
final,main-b,0.1.0+gede8fd7f9452,s,defaults,32,0,0,32,0,0,541.4,4.230,1348.56,2214.64,42.17,398.31,48.44,7548.04,0.0
final,main-b,0.1.0+gede8fd7f9452,s,defaults,32,1,1,32,0,0,553.2,4.322,1248.60,2058.42,41.95,346.63,48.03,7389.83,0.0
final,main-b,0.1.0+gede8fd7f9452,s,defaults,64,0,0,64,0,0,592.9,4.632,2282.61,4199.16,76.50,499.62,89.28,13777.17,0.0
final,main-b,0.1.0+gede8fd7f9452,s,defaults,64,1,1,64,0,0,607.8,4.748,2105.97,4022.87,76.07,497.88,87.58,13436.27,0.0
final,main-t,0.1.0+gede8fd7f9452,g16,greedy,16,0,0,16,0,0,402.3,3.143,1073.26,1344.90,29.48,65.50,32.36,5078.80,0.0
final,main-t,0.1.0+gede8fd7f9452,g16,greedy,16,1,1,16,0,0,440.3,3.440,718.87,1100.63,27.50,42.64,30.43,4642.78,0.0
final,main-t,0.1.0+gede8fd7f9452,g32,greedy,32,0,0,32,0,0,480.6,3.755,1356.57,2451.29,46.69,398.82,55.00,8505.58,0.0
final,main-t,0.1.0+gede8fd7f9452,g32,greedy,32,1,1,32,0,0,531.1,4.149,1190.16,2060.34,44.57,397.01,50.44,7696.77,0.0
final,main-t,0.1.0+gede8fd7f9452,g64,greedy,64,0,0,64,0,0,568.0,4.437,2318.34,4456.62,79.65,505.45,93.00,14380.59,0.0
final,main-t,0.1.0+gede8fd7f9452,g64,greedy,64,1,1,64,0,0,591.9,4.624,2121.03,4068.34,77.91,500.15,90.29,13806.68,0.0
final,main-t,0.1.0+gede8fd7f9452,s16,defaults,16,0,0,16,0,0,417.7,3.264,718.25,1098.49,29.63,40.98,32.40,4890.45,0.0
final,main-t,0.1.0+gede8fd7f9452,s16,defaults,16,1,1,16,0,0,449.0,3.508,719.51,1099.15,26.87,45.56,29.73,4552.26,0.0
final,main-t,0.1.0+gede8fd7f9452,s32,defaults,32,0,0,32,0,0,549.3,4.291,1175.12,2038.92,42.62,397.18,48.55,7440.59,0.0
final,main-t,0.1.0+gede8fd7f9452,s32,defaults,32,1,1,32,0,0,553.7,4.326,1171.96,2027.19,42.28,398.43,48.14,7376.13,0.0
final,main-t,0.1.0+gede8fd7f9452,s64,defaults,64,0,1,64,0,0,593.6,4.638,2121.73,4037.03,77.62,495.41,89.93,13764.74,0.0
final,main-t,0.1.0+gede8fd7f9452,s64,defaults,64,1,0,64,0,0,592.4,4.628,2118.73,4044.18,78.03,500.12,90.13,13789.85,0.0
