set,server,version,step,rounds,round_ms,recording_ms,relaying_ms,sampling_ms,assembly_ms,receive_wait_ms,staging_wait_ms,open_wait_ms,logits_wait_ms,stage_idle_cumulative,device_bound_rows_per_s_cumulative
main-only,t,0.1.0+gede8fd7f9452,g16,781,17.042,3.757,0.119,2.002,0.008,9.486,0.012,0.029,1.620,0.523 0.479,1243.2
main-only,t,0.1.0+gede8fd7f9452,g32,789,23.121,2.922,0.165,3.551,0.017,14.755,0.010,0.030,1.645,0.510 0.463,1362.4
main-only,t,0.1.0+gede8fd7f9452,g64,805,39.351,3.298,0.206,7.367,0.020,26.634,0.012,0.028,1.727,0.517 0.475,1616.1
main-only,t,0.1.0+gede8fd7f9452,s16,777,13.792,2.252,0.093,1.326,0.008,8.289,0.008,0.026,1.783,0.511 0.465,1147.4
main-only,t,0.1.0+gede8fd7f9452,s32,781,19.886,2.199,0.130,2.730,0.012,12.906,0.011,0.043,1.829,0.504 0.458,1384.0
main-only,t,0.1.0+gede8fd7f9452,s64,805,37.542,2.385,0.233,6.388,0.033,26.634,0.012,0.035,1.760,0.524 0.481,1743.4
first-ab-3,t,0.1.0+g945a732c3d3a,g16,781,15.103,3.222,0.095,0.604,0.006,9.482,0.009,0.025,1.652,0.461 0.412,1242.6
first-ab-3,t,0.1.0+g945a732c3d3a,g32,789,20.931,2.932,0.157,1.251,0.015,14.851,0.012,0.034,1.653,0.457 0.406,1360.4
first-ab-3,t,0.1.0+g945a732c3d3a,g64,805,34.345,2.935,0.196,2.381,0.021,26.974,0.012,0.034,1.747,0.459 0.412,1608.4
first-ab-3,t,0.1.0+g945a732c3d3a,s16,777,12.926,2.109,0.109,0.602,0.010,8.281,0.012,0.026,1.770,0.461 0.411,1146.7
first-ab-3,t,0.1.0+g945a732c3d3a,s32,781,18.177,2.086,0.116,1.045,0.011,13.040,0.010,0.028,1.818,0.453 0.403,1381.0
first-ab-3,t,0.1.0+g945a732c3d3a,s64,805,33.073,2.341,0.212,1.953,0.020,26.614,0.013,0.033,1.845,0.463 0.414,1731.3
three-arm,A-t,0.1.0+g41576911cc3e,g16,781,16.514,3.717,0.139,1.522,0.013,9.403,0.012,0.040,1.656,0.507 0.461,1239.8
three-arm,A-t,0.1.0+g41576911cc3e,g32,789,22.636,3.102,0.168,2.744,0.014,14.784,0.011,0.031,1.761,0.489 0.448,1417.2
three-arm,A-t,0.1.0+g41576911cc3e,g64,805,37.293,3.302,0.253,5.255,0.023,26.669,0.014,0.042,1.684,0.506 0.463,1702.2
three-arm,A-t,0.1.0+g41576911cc3e,s16,781,15.007,2.728,0.156,0.989,0.009,9.236,0.013,0.035,1.832,0.505 0.463,1276.4
three-arm,A-t,0.1.0+g41576911cc3e,s32,789,21.583,2.607,0.177,2.195,0.016,14.673,0.011,0.042,1.841,0.493 0.449,1510.7
three-arm,A-t,0.1.0+g41576911cc3e,s64,805,35.874,2.720,0.254,4.351,0.026,26.632,0.015,0.040,1.786,0.507 0.464,1803.1
three-arm,AB-t,0.1.0+g65320e2f7e18,g16,781,16.039,3.686,0.135,0.589,0.010,9.421,0.012,0.031,2.148,0.491 0.402,1150.4
three-arm,AB-t,0.1.0+g65320e2f7e18,g32,789,25.076,3.446,0.342,1.429,0.023,14.665,0.018,0.040,5.094,0.500 0.387,1243.0
three-arm,AB-t,0.1.0+g65320e2f7e18,g64,805,35.333,3.654,0.401,2.623,0.045,26.785,0.022,0.042,1.722,0.503 0.410,1556.5
three-arm,AB-t,0.1.0+g65320e2f7e18,s16,781,14.654,2.583,0.193,0.613,0.013,9.307,0.015,0.029,1.890,0.489 0.422,1218.8
three-arm,AB-t,0.1.0+g65320e2f7e18,s32,789,21.874,2.479,0.168,1.095,0.021,14.639,0.011,0.036,3.404,0.504 0.391,1333.8
three-arm,AB-t,0.1.0+g65320e2f7e18,s64,805,33.759,2.563,0.282,2.130,0.020,26.839,0.014,0.040,1.824,0.496 0.415,1680.7
three-arm,main-t,0.1.0+gede8fd7f9452,g16,781,16.936,3.773,0.120,1.960,0.037,9.366,0.010,0.027,1.632,0.519 0.475,1240.9
three-arm,main-t,0.1.0+gede8fd7f9452,g32,789,23.435,3.016,0.168,3.774,0.015,14.686,0.012,0.028,1.710,0.505 0.465,1413.1
three-arm,main-t,0.1.0+gede8fd7f9452,g64,805,39.961,2.974,0.240,8.158,0.024,26.697,0.013,0.028,1.761,0.529 0.487,1702.8
three-arm,main-t,0.1.0+gede8fd7f9452,s16,781,15.652,2.416,0.161,1.814,0.010,9.395,0.012,0.026,1.801,0.516 0.476,1271.7
three-arm,main-t,0.1.0+gede8fd7f9452,s32,789,22.586,2.276,0.186,3.580,0.014,14.662,0.013,0.027,1.802,0.511 0.469,1509.2
three-arm,main-t,0.1.0+gede8fd7f9452,s64,805,38.687,2.619,0.273,7.000,0.023,26.705,0.013,0.045,1.940,0.533 0.493,1805.8
final,H-t,0.1.0+g57d986ca3f48,g16,781,14.170,2.409,0.073,0.385,0.005,9.610,0.005,0.019,1.662,0.423 0.371,1237.2
final,H-t,0.1.0+g57d986ca3f48,g32,789,20.088,2.414,0.160,0.846,0.012,14.877,0.008,0.024,1.734,0.414 0.367,1410.4
final,H-t,0.1.0+g57d986ca3f48,g64,805,33.211,2.513,0.254,1.402,0.019,27.044,0.009,0.027,1.923,0.436 0.386,1689.7
final,H-t,0.1.0+g57d986ca3f48,s16,781,13.390,1.496,0.086,0.370,0.005,9.572,0.006,0.020,1.831,0.430 0.383,1274.6
final,H-t,0.1.0+g57d986ca3f48,s32,789,19.275,1.682,0.123,0.677,0.009,14.873,0.007,0.021,1.872,0.422 0.372,1505.2
final,H-t,0.1.0+g57d986ca3f48,s64,805,32.781,2.006,0.255,1.403,0.017,26.999,0.010,0.026,2.045,0.441 0.392,1788.5
final,main-t,0.1.0+gede8fd7f9452,g16,780,15.642,3.003,0.099,1.491,0.007,9.409,0.006,0.021,1.599,0.481 0.434,1243.8
final,main-t,0.1.0+gede8fd7f9452,g32,789,22.552,2.524,0.161,3.320,0.014,14.662,0.008,0.024,1.822,0.474 0.431,1416.0
final,main-t,0.1.0+gede8fd7f9452,g64,805,36.869,2.477,0.236,5.493,0.020,26.761,0.008,0.025,1.824,0.495 0.449,1710.2
final,main-t,0.1.0+gede8fd7f9452,s16,781,14.566,1.815,0.099,1.376,0.007,9.497,0.006,0.022,1.735,0.481 0.437,1273.8
final,main-t,0.1.0+gede8fd7f9452,s32,789,20.836,1.808,0.129,2.346,0.011,14.764,0.006,0.022,1.738,0.482 0.433,1518.0
final,main-t,0.1.0+gede8fd7f9452,s64,805,36.029,2.090,0.233,5.049,0.020,26.831,0.010,0.025,1.740,0.499 0.454,1808.4
