model,phase,pair,round,ratio,percent,activity_flagged,activity_unknown
Qwen3-0.6B-Q8_0.gguf,pp,candidate/base,0,0.9987875546046179,-0.12124453953821224,True,True
Qwen3-0.6B-Q8_0.gguf,pp,candidate/base,1,1.0338232257822324,3.3823225782232402,True,True
Qwen3-0.6B-Q8_0.gguf,pp,candidate/base,2,0.9652222063446698,-3.477779365533018,True,True
Qwen3-0.6B-Q8_0.gguf,pp,candidate/base,3,0.9650464128948695,-3.4953587105130524,True,True
Qwen3-0.6B-Q8_0.gguf,pp,candidate/base,4,1.0432996515001072,4.329965150010717,True,True
Qwen3-0.6B-Q8_0.gguf,pp,candidate/base,5,0.9276431581005884,-7.235684189941161,True,True
Qwen3-0.6B-Q8_0.gguf,pp,layout/base,0,0.9887313898546848,-1.1268610145315217,True,True
Qwen3-0.6B-Q8_0.gguf,pp,layout/base,1,1.0232558139534884,2.3255813953488413,True,True
Qwen3-0.6B-Q8_0.gguf,pp,layout/base,2,0.9516468991140324,-4.835310088596756,True,True
Qwen3-0.6B-Q8_0.gguf,pp,layout/base,3,0.9611606821616175,-3.883931783838246,True,True
Qwen3-0.6B-Q8_0.gguf,pp,layout/base,4,1.0613087241788837,6.130872417888367,True,True
Qwen3-0.6B-Q8_0.gguf,pp,layout/base,5,0.9403011609095272,-5.9698839090472795,True,True
Qwen3-0.6B-Q8_0.gguf,tg,candidate/base,0,0.9874279727606076,-1.2572027239392436,True,True
Qwen3-0.6B-Q8_0.gguf,tg,candidate/base,1,1.000171320884016,0.017132088401594636,True,True
Qwen3-0.6B-Q8_0.gguf,tg,candidate/base,2,1.0877644894204233,8.776448942042325,True,True
Qwen3-0.6B-Q8_0.gguf,tg,candidate/base,3,0.9602707999287367,-3.972920007126335,True,True
Qwen3-0.6B-Q8_0.gguf,tg,candidate/base,4,0.9721399965174994,-2.7860003482500617,True,True
Qwen3-0.6B-Q8_0.gguf,tg,candidate/base,5,1.0709232722655542,7.092327226555417,True,True
Qwen3-0.6B-Q8_0.gguf,tg,layout/base,0,0.9439497118910424,-5.605028810895762,True,True
Qwen3-0.6B-Q8_0.gguf,tg,layout/base,1,0.9364399520301523,-6.356004796984771,True,True
Qwen3-0.6B-Q8_0.gguf,tg,layout/base,2,1.0999080036798528,9.990800367985276,True,True
Qwen3-0.6B-Q8_0.gguf,tg,layout/base,3,1.03955104222341,3.9551042223409993,True,True
Qwen3-0.6B-Q8_0.gguf,tg,layout/base,4,0.9512449939056243,-4.875500609437566,True,True
Qwen3-0.6B-Q8_0.gguf,tg,layout/base,5,1.0660257573009249,6.602575730092486,True,True
Qwen3-0.6B-Q4_0.gguf,pp,candidate/base,0,0.9396326979896876,-6.036730201031237,True,True
Qwen3-0.6B-Q4_0.gguf,pp,candidate/base,1,0.9929627978209875,-0.7037202179012492,True,True
Qwen3-0.6B-Q4_0.gguf,pp,candidate/base,2,0.9953955715630499,-0.4604428436950081,True,True
Qwen3-0.6B-Q4_0.gguf,pp,candidate/base,3,1.044358651118815,4.4358651118814985,True,True
Qwen3-0.6B-Q4_0.gguf,pp,candidate/base,4,0.9607126366015083,-3.9287363398491704,True,True
Qwen3-0.6B-Q4_0.gguf,pp,candidate/base,5,1.0136978143052826,1.3697814305282607,True,True
Qwen3-0.6B-Q4_0.gguf,pp,layout/base,0,0.9898229148562268,-1.0177085143773246,True,True
Qwen3-0.6B-Q4_0.gguf,pp,layout/base,1,1.036271639881356,3.6271639881356066,True,True
Qwen3-0.6B-Q4_0.gguf,pp,layout/base,2,1.051201244218884,5.120124421888406,True,True
Qwen3-0.6B-Q4_0.gguf,pp,layout/base,3,0.9956468641664039,-0.4353135833596089,True,True
Qwen3-0.6B-Q4_0.gguf,pp,layout/base,4,1.020971217484993,2.0971217484992977,True,True
Qwen3-0.6B-Q4_0.gguf,pp,layout/base,5,1.0191570881226053,1.9157088122605304,True,True
Qwen3-0.6B-Q4_0.gguf,tg,candidate/base,0,0.9229366165070679,-7.7063383492932065,True,True
Qwen3-0.6B-Q4_0.gguf,tg,candidate/base,1,1.1665799062988027,16.65799062988027,True,True
Qwen3-0.6B-Q4_0.gguf,tg,candidate/base,2,0.9769606174100556,-2.3039382589944424,True,True
Qwen3-0.6B-Q4_0.gguf,tg,candidate/base,3,0.9344244166758818,-6.557558332411817,True,True
Qwen3-0.6B-Q4_0.gguf,tg,candidate/base,4,0.9908863066757804,-0.9113693324219629,True,True
Qwen3-0.6B-Q4_0.gguf,tg,candidate/base,5,0.9477837837837838,-5.221621621621619,True,True
Qwen3-0.6B-Q4_0.gguf,tg,layout/base,0,1.0255357957136342,2.553579571363418,True,True
Qwen3-0.6B-Q4_0.gguf,tg,layout/base,1,1.0933107756376887,9.331077563768876,True,True
Qwen3-0.6B-Q4_0.gguf,tg,layout/base,2,1.0333673816819884,3.3367381681988384,True,True
Qwen3-0.6B-Q4_0.gguf,tg,layout/base,3,0.9060046444763906,-9.399535552360938,True,True
Qwen3-0.6B-Q4_0.gguf,tg,layout/base,4,0.9768740031897927,-2.3125996810207328,True,True
Qwen3-0.6B-Q4_0.gguf,tg,layout/base,5,0.9072432432432432,-9.275675675675677,True,True
Qwen3-0.6B-Q5_K_M.gguf,pp,candidate/base,0,1.0675964982936603,6.759649829366032,True,True
Qwen3-0.6B-Q5_K_M.gguf,pp,candidate/base,1,0.8613283183212908,-13.867168167870926,True,True
Qwen3-0.6B-Q5_K_M.gguf,pp,candidate/base,2,0.9950193806526904,-0.4980619347309645,True,True
Qwen3-0.6B-Q5_K_M.gguf,pp,candidate/base,3,1.0150349578237465,1.503495782374653,True,True
Qwen3-0.6B-Q5_K_M.gguf,pp,candidate/base,4,0.9761275883621993,-2.387241163780074,True,True
Qwen3-0.6B-Q5_K_M.gguf,pp,candidate/base,5,0.9847521716913644,-1.524782830863558,True,True
Qwen3-0.6B-Q5_K_M.gguf,pp,layout/base,0,1.0685503529262141,6.855035292621414,True,True
Qwen3-0.6B-Q5_K_M.gguf,pp,layout/base,1,1.009858457883797,0.9858457883797023,True,True
Qwen3-0.6B-Q5_K_M.gguf,pp,layout/base,2,1.0048555828783394,0.4855582878339426,True,True
Qwen3-0.6B-Q5_K_M.gguf,pp,layout/base,3,1.0202528512797244,2.0252851279724426,True,True
Qwen3-0.6B-Q5_K_M.gguf,pp,layout/base,4,0.977720426638708,-2.227957336129205,True,True
Qwen3-0.6B-Q5_K_M.gguf,pp,layout/base,5,1.0043740419008687,0.43740419008686526,True,True
Qwen3-0.6B-Q5_K_M.gguf,tg,candidate/base,0,0.9908090614886732,-0.9190938511326796,True,True
Qwen3-0.6B-Q5_K_M.gguf,tg,candidate/base,1,0.946677951756242,-5.332204824375797,True,True
Qwen3-0.6B-Q5_K_M.gguf,tg,candidate/base,2,0.9144508670520232,-8.554913294797684,True,True
Qwen3-0.6B-Q5_K_M.gguf,tg,candidate/base,3,0.9294284608437621,-7.057153915623793,True,True
Qwen3-0.6B-Q5_K_M.gguf,tg,candidate/base,4,0.9469978746014879,-5.300212539851213,True,True
Qwen3-0.6B-Q5_K_M.gguf,tg,candidate/base,5,0.8811587026491706,-11.884129735082938,True,True
Qwen3-0.6B-Q5_K_M.gguf,tg,layout/base,0,0.9515857605177994,-4.841423948220058,True,True
Qwen3-0.6B-Q5_K_M.gguf,tg,layout/base,1,1.0871773169699532,8.717731696995322,True,True
Qwen3-0.6B-Q5_K_M.gguf,tg,layout/base,2,0.9820166987797047,-1.7983301220295345,True,True
Qwen3-0.6B-Q5_K_M.gguf,tg,layout/base,3,0.9412978970455423,-5.870210295445766,True,True
Qwen3-0.6B-Q5_K_M.gguf,tg,layout/base,4,0.9064824654622741,-9.351753453772593,True,True
Qwen3-0.6B-Q5_K_M.gguf,tg,layout/base,5,0.896756622926467,-10.324337707353305,True,True
Qwen3-8B-Q8_0.gguf,pp,candidate/base,0,0.9897084048027444,-1.0291595197255643,True,True
Qwen3-8B-Q8_0.gguf,pp,candidate/base,1,0.9985247110892549,-0.14752889107451095,True,True
Qwen3-8B-Q8_0.gguf,pp,candidate/base,2,0.9861985472154964,-1.380145278450362,True,True
Qwen3-8B-Q8_0.gguf,pp,candidate/base,3,0.9724550898203593,-2.754491017964067,True,True
Qwen3-8B-Q8_0.gguf,pp,candidate/base,4,0.9930898321816387,-0.691016781836129,True,True
Qwen3-8B-Q8_0.gguf,pp,candidate/base,5,1.0083599704942217,0.8359970494221658,True,True
Qwen3-8B-Q8_0.gguf,pp,layout/base,0,0.9911786326880667,-0.8821367311933281,True,True
Qwen3-8B-Q8_0.gguf,pp,layout/base,1,1.0012294074256207,0.1229407425620721,True,True
Qwen3-8B-Q8_0.gguf,pp,layout/base,2,1.0,0.0,True,True
Qwen3-8B-Q8_0.gguf,pp,layout/base,3,0.9717365269461078,-2.8263473053892207,True,True
Qwen3-8B-Q8_0.gguf,pp,layout/base,4,1.0123395853899309,1.2339585389930852,True,True
Qwen3-8B-Q8_0.gguf,pp,layout/base,5,0.9997541185148757,-0.024588148512427743,True,True
Qwen3-8B-Q8_0.gguf,tg,candidate/base,0,1.1023809523809522,10.238095238095223,True,True
Qwen3-8B-Q8_0.gguf,tg,candidate/base,1,1.0,0.0,True,True
Qwen3-8B-Q8_0.gguf,tg,candidate/base,2,1.0108225108225108,1.0822510822510845,True,True
Qwen3-8B-Q8_0.gguf,tg,candidate/base,3,0.9828326180257511,-1.716738197424894,True,True
Qwen3-8B-Q8_0.gguf,tg,candidate/base,4,0.961456102783726,-3.854389721627405,True,True
Qwen3-8B-Q8_0.gguf,tg,candidate/base,5,0.9978401727861772,-0.21598272138227959,True,True
Qwen3-8B-Q8_0.gguf,tg,layout/base,0,1.0976190476190477,9.761904761904772,True,True
Qwen3-8B-Q8_0.gguf,tg,layout/base,1,0.9957173447537474,-0.4282655246252598,True,True
Qwen3-8B-Q8_0.gguf,tg,layout/base,2,1.0216450216450215,2.1645021645021467,True,True
Qwen3-8B-Q8_0.gguf,tg,layout/base,3,1.0,0.0,True,True
Qwen3-8B-Q8_0.gguf,tg,layout/base,4,1.006423982869379,0.6423982869379063,True,True
Qwen3-8B-Q8_0.gguf,tg,layout/base,5,1.0107991360691144,1.0799136069114423,True,True
